forecast_step,state,district,pred_bio,Base_Capacity,Action_Plan
1,Odisha,Debagarh,269.27382280671867,25.081669255820394,ðŸ”´ DEPLOY MOBILE VAN
1,West Bengal,North Twenty Four Parganas,237.1420741644415,22.341812230080965,ðŸ”´ DEPLOY MOBILE VAN
1,Jharkhand,Purbi Singhbhum,182.3376078731643,17.296397577587936,ðŸ”´ DEPLOY MOBILE VAN
1,Tamil Nadu,Chengalpattu,261.0860042828445,25.67381341912276,ðŸ”´ DEPLOY MOBILE VAN
1,Punjab,Malerkotla,244.81438406354525,24.12281706919342,ðŸ”´ DEPLOY MOBILE VAN
1,Maharashtra,Mumbai( Sub Urban ),252.41300103832756,25.070075983716684,ðŸ”´ DEPLOY MOBILE VAN
1,Madhya Pradesh,Narsimhapur,225.91005985056995,22.473453492873638,ðŸ”´ DEPLOY MOBILE VAN
1,West Bengal,Bardhaman,333.1531374315598,33.8484861976513,ðŸ”´ DEPLOY MOBILE VAN
1,West Bengal,Maldah,328.25314523408724,34.51083671410055,ðŸ”´ DEPLOY MOBILE VAN
1,Assam,Sibsagar,316.5467042210417,34.60426583457714,ðŸ”´ DEPLOY MOBILE VAN
1,Uttar Pradesh,Ayodhya,207.89468483974863,23.188195272788548,ðŸ”´ DEPLOY MOBILE VAN
1,Telangana,Rajanna Sircilla,207.1397163958528,23.486372182371788,ðŸ”´ DEPLOY MOBILE VAN
1,Karnataka,Hasan,326.8719712170823,39.74494228263268,ðŸ”´ DEPLOY MOBILE VAN
1,Odisha,Jagatsinghpur,291.6588165895096,35.93955862218505,ðŸ”´ DEPLOY MOBILE VAN
1,Telangana,Yadadri.,219.41528246426884,27.502662142586814,ðŸ”´ DEPLOY MOBILE VAN
1,Jammu and Kashmir,Badgam,345.5006436688967,43.40139730532336,ðŸ”´ DEPLOY MOBILE VAN
1,Tripura,Unakoti,360.3000421768529,46.12097696406204,ðŸ”´ DEPLOY MOBILE VAN
1,Orissa,Khordha,253.712074754339,32.71926652752414,ðŸ”´ DEPLOY MOBILE VAN
1,Andhra Pradesh,Dr. B. R. Ambedkar Konaseema,217.90446253134405,28.271200736860308,ðŸ”´ DEPLOY MOBILE VAN
1,West Bengal,Purba Bardhaman,165.7806525971194,21.710893404967138,ðŸ”´ DEPLOY MOBILE VAN
1,Haryana,Charkhi Dadri,161.8678154653184,21.215311664545823,ðŸ”´ DEPLOY MOBILE VAN
1,Maharashtra,Bid,303.5385561739629,39.793450255892736,ðŸ”´ DEPLOY MOBILE VAN
1,Punjab,Firozpur,247.0408491748551,33.033478191049035,ðŸ”´ DEPLOY MOBILE VAN
1,Puducherry,Karaikal,186.32499036266967,25.000313041207917,ðŸ”´ DEPLOY MOBILE VAN
1,Tripura,Khowai,318.62222396897744,43.087049432326644,ðŸ”´ DEPLOY MOBILE VAN
1,Jharkhand,Pashchimi Singhbhum,132.02368805680612,17.87338637720333,ðŸ”´ DEPLOY MOBILE VAN
1,Assam,Biswanath,158.07728479271134,21.506449219896666,ðŸ”´ DEPLOY MOBILE VAN
1,Andhra Pradesh,Tirupati,252.43184147607624,34.415984706930395,ðŸ”´ DEPLOY MOBILE VAN
1,Jharkhand,Pakur,344.89819502192347,47.10473273242408,ðŸ”´ DEPLOY MOBILE VAN
1,Telangana,Nagarkurnool,248.1006586661076,35.09573796544141,ðŸ”´ DEPLOY MOBILE VAN
1,Assam,Hailakandi,513.098044324595,73.0911663003168,ðŸ”´ DEPLOY MOBILE VAN
1,West Bengal,Koch Bihar,155.69079971271046,22.583977923551245,ðŸ”´ DEPLOY MOBILE VAN
1,Jharkhand,Seraikela-kharsawan,120.71148727728072,17.821966672014998,ðŸ”´ DEPLOY MOBILE VAN
1,Mizoram,Lawngtlai,114.54968719678018,17.005121732597246,ðŸ”´ DEPLOY MOBILE VAN
1,Jharkhand,Lohardaga,526.7623801270239,78.93419257340241,ðŸ”´ DEPLOY MOBILE VAN
1,Karnataka,Kodagu,281.639097485084,42.539990403528556,ðŸ”´ DEPLOY MOBILE VAN
1,Andhra Pradesh,Y. S. R,170.6777859609802,26.38131423326,ðŸ”´ DEPLOY MOBILE VAN
1,West Bengal,West Midnapore,341.8448032678502,53.356497698238115,ðŸ”´ DEPLOY MOBILE VAN
1,Andhra Pradesh,Annamayya,264.6617398294157,41.324680717276564,ðŸ”´ DEPLOY MOBILE VAN
1,Madhya Pradesh,Agar Malwa,391.3891423177133,61.76841929087386,ðŸ”´ DEPLOY MOBILE VAN
1,Assam,Baksa,359.3118178973112,56.83168541621225,ðŸ”´ DEPLOY MOBILE VAN
1,Andhra Pradesh,Kakinada,277.62695658256814,44.062317085601435,ðŸ”´ DEPLOY MOBILE VAN
1,Telangana,Jogulamba Gadwal,213.8155127127505,34.67464396357771,ðŸ”´ DEPLOY MOBILE VAN
1,Andhra Pradesh,N. T. R,265.6459042992244,43.28906281538772,ðŸ”´ DEPLOY MOBILE VAN
1,West Bengal,Alipurduar,100.92556515486118,16.664523392753743,ðŸ”´ DEPLOY MOBILE VAN
1,Jammu and Kashmir,Samba,256.492329340969,42.697421693721594,ðŸ”´ DEPLOY MOBILE VAN
1,Nagaland,Kohima,137.58945522196274,22.96777192968768,ðŸ”´ DEPLOY MOBILE VAN
1,Manipur,Ukhrul,142.22127725422496,23.749438005636655,ðŸ”´ DEPLOY MOBILE VAN
1,Gujarat,Botad,298.99886393099337,50.791157187619035,ðŸ”´ DEPLOY MOBILE VAN
1,Tripura,Gomati,296.60065333362604,50.69657379730908,ðŸ”´ DEPLOY MOBILE VAN
1,Andhra Pradesh,Nizamabad,279.862656508585,47.99637788158124,ðŸ”´ DEPLOY MOBILE VAN
1,Assam,Dibrugarh,370.46595632955416,64.70140565525745,ðŸ”´ DEPLOY MOBILE VAN
1,Andhra Pradesh,Nandyal,241.6329602358824,42.608930203070884,ðŸ”´ DEPLOY MOBILE VAN
1,Manipur,Churachandpur,159.82633450523474,28.56858431388555,ðŸ”´ DEPLOY MOBILE VAN
1,Madhya Pradesh,West Nimar,133.20884407146096,23.941125973061588,ðŸ”´ DEPLOY MOBILE VAN
1,Telangana,Vikarabad,251.90510919414007,45.844027239498004,ðŸ”´ DEPLOY MOBILE VAN
1,Telangana,Mahabubabad,139.29312634154306,26.12696803914499,ðŸ”´ DEPLOY MOBILE VAN
1,Jharkhand,Jamtara,502.3336006399874,94.36723363222998,ðŸ”´ DEPLOY MOBILE VAN
1,Telangana,Komaram Bheem,125.77291015184784,23.821656583043627,ðŸ”´ DEPLOY MOBILE VAN
1,Pondicherry,Pondicherry,468.4518412934698,89.18614338043997,ðŸ”´ DEPLOY MOBILE VAN
1,Andhra Pradesh,Sri Sathya Sai,175.4202478363301,33.671549918016105,ðŸ”´ DEPLOY MOBILE VAN
1,West Bengal,Haora,406.1731488352653,81.91176443184483,ðŸ”´ DEPLOY MOBILE VAN
1,Telangana,Jangoan,130.3345328137511,26.49959689848269,ðŸ”´ DEPLOY MOBILE VAN
1,Punjab,Muktsar,131.6542283902292,26.905329982699904,ðŸ”´ DEPLOY MOBILE VAN
1,Assam,Jorhat,389.0256037107068,79.69144967964093,ðŸ”´ DEPLOY MOBILE VAN
1,Telangana,Warangal Urban,109.7466553830292,22.485373624710093,ðŸ”´ DEPLOY MOBILE VAN
1,West Bengal,Darjiling,33.60310991497728,6.9141620770149155,ðŸ”´ DEPLOY MOBILE VAN
1,Jharkhand,Hazaribag,51.824599088751775,10.677071822859679,ðŸ”´ DEPLOY MOBILE VAN
1,Meghalaya,Ri Bhoi,65.91918706188942,13.766014536739736,ðŸ”´ DEPLOY MOBILE VAN
1,Jammu and Kashmir,Ganderbal,410.7608019917643,86.15800708174017,ðŸ”´ DEPLOY MOBILE VAN
1,Meghalaya,West Garo Hills,254.461631769606,54.386347560290304,ðŸ”´ DEPLOY MOBILE VAN
1,Assam,Nalbari,557.8552220584739,120.18650825572159,ðŸ”´ DEPLOY MOBILE VAN
1,Jharkhand,Ramgarh,606.8052567566992,132.20032004106014,ðŸ”´ DEPLOY MOBILE VAN
1,Meghalaya,East Khasi Hills,374.47444621669695,82.05894645532996,ðŸ”´ DEPLOY MOBILE VAN
1,Telangana,Jagitial,364.5316164659057,81.0643863491689,ðŸ”´ DEPLOY MOBILE VAN
1,Jharkhand,Khunti,624.2749951670214,139.2182419015096,ðŸ”´ DEPLOY MOBILE VAN
1,Assam,West Karbi Anglong,53.01840745881627,11.824176225436826,ðŸ”´ DEPLOY MOBILE VAN
1,Madhya Pradesh,Harda *,91.60127625254717,20.437332289501487,ðŸ”´ DEPLOY MOBILE VAN
1,Meghalaya,West Jaintia Hills,70.54133832300914,16.010339283177927,ðŸ”´ DEPLOY MOBILE VAN
1,Maharashtra,Chhatrapati Sambhajinagar,38.4996426872767,8.870548998419974,ðŸ”´ DEPLOY MOBILE VAN
1,Telangana,Warangal Rural,82.2523851494757,18.96653416669035,ðŸ”´ DEPLOY MOBILE VAN
1,Assam,Tinsukia,604.8393855562347,141.39033115367448,ðŸ”´ DEPLOY MOBILE VAN
1,Telangana,Wanaparthy,122.5057317357018,28.722906619243638,ðŸ”´ DEPLOY MOBILE VAN
1,West Bengal,Paschim Bardhaman,66.61782236994299,15.626348275200591,ðŸ”´ DEPLOY MOBILE VAN
1,Jharkhand,Koderma,572.9924083811811,134.4812064432358,ðŸ”´ DEPLOY MOBILE VAN
1,Odisha,Sundargarh,383.8238714529377,90.42859425098408,ðŸ”´ DEPLOY MOBILE VAN
1,Meghalaya,South West Khasi Hills,54.75241685326934,12.949074846952344,ðŸ”´ DEPLOY MOBILE VAN
1,Nagaland,Phek,48.548609764705695,11.741277481282948,ðŸ”´ DEPLOY MOBILE VAN
1,Telangana,Hanumakonda,60.80093305148626,14.751496126825764,ðŸ”´ DEPLOY MOBILE VAN
1,Assam,South Salmara Mankachar,47.171846007431085,11.518119182281616,ðŸ”´ DEPLOY MOBILE VAN
1,West Bengal,Purulia,41.959631459710536,10.378858425639951,ðŸ”´ DEPLOY MOBILE VAN
1,Madhya Pradesh,Narmadapuram,52.99850497835074,13.133501345748222,ðŸ”´ DEPLOY MOBILE VAN
1,Jammu and Kashmir,Kargil,30.771827449776392,7.663156525997183,ðŸ”´ DEPLOY MOBILE VAN
1,Karnataka,yadgir,53.65678648123561,13.492203899089006,ðŸ”´ DEPLOY MOBILE VAN
1,Tripura,Sepahijala,334.45427206550414,84.15014148407067,ðŸ”´ DEPLOY MOBILE VAN
1,Maharashtra,Ahmed Nagar,133.92887338897594,33.92516143014719,ðŸ”´ DEPLOY MOBILE VAN
1,Tamil Nadu,Tirupattur,327.4937221982284,82.96641015271805,ðŸ”´ DEPLOY MOBILE VAN
1,Andhra Pradesh,Sri Potti Sriramulu Nellore,276.0219824473206,70.00802045175705,ðŸ”´ DEPLOY MOBILE VAN
1,Meghalaya,South West Garo Hills,43.44079397745037,11.038501934217912,ðŸ”´ DEPLOY MOBILE VAN
1,Telangana,Jayashankar Bhupalpally,43.17245715157932,10.979806026027472,ðŸ”´ DEPLOY MOBILE VAN
1,Karnataka,Chikkamagaluru,429.6844001360111,110.09793631395274,ðŸ”´ DEPLOY MOBILE VAN
1,Andhra Pradesh,Eluru,86.16679779816496,22.211207058127535,ðŸ”´ DEPLOY MOBILE VAN
1,Telangana,Peddapalli,64.23102487329498,16.59232828020339,ðŸ”´ DEPLOY MOBILE VAN
1,Telangana,Nirmal,437.0262653216701,113.31975513103731,ðŸ”´ DEPLOY MOBILE VAN
1,Karnataka,Vijayanagara,93.44876490264993,24.809718094376265,ðŸ”´ DEPLOY MOBILE VAN
1,Uttar Pradesh,Barabanki,69.00276535823131,18.356918546808775,ðŸ”´ DEPLOY MOBILE VAN
1,West Bengal,Jhargram,36.57963755712633,9.781264679009908,ðŸ”´ DEPLOY MOBILE VAN
1,Madhya Pradesh,Maihar,26.34139745760908,7.099273149795035,ðŸ”´ DEPLOY MOBILE VAN
1,Orissa,Bhadrak,50.31792934621288,13.593805937920429,ðŸ”´ DEPLOY MOBILE VAN
1,Tamil Nadu,Mayiladuthurai,75.04102317698477,20.277623422749294,ðŸ”´ DEPLOY MOBILE VAN
1,Nagaland,Zunheboto,47.27025225129122,12.892004235846173,ðŸ”´ DEPLOY MOBILE VAN
1,Manipur,Senapati,559.9961809513577,153.26857007610997,ðŸ”´ DEPLOY MOBILE VAN
1,Assam,Charaideo,57.22835476027714,15.672546521753087,ðŸ”´ DEPLOY MOBILE VAN
1,Uttar Pradesh,Bhadohi,55.2874370114242,15.161961191509594,ðŸ”´ DEPLOY MOBILE VAN
1,Tamil Nadu,Kallakurichi,42.30287109761773,11.628409259583469,ðŸ”´ DEPLOY MOBILE VAN
1,Mizoram,Lunglei,39.079051794543176,10.779466719690454,ðŸ”´ DEPLOY MOBILE VAN
1,Kerala,Kasargod,35.14369776279041,9.778373215259283,ðŸ”´ DEPLOY MOBILE VAN
1,Delhi,Shahdara,44.00508031670616,12.250364640603795,ðŸ”´ DEPLOY MOBILE VAN
1,Telangana,Mulugu,52.60068981844711,14.676004794816638,ðŸ”´ DEPLOY MOBILE VAN
1,Nagaland,Tuensang,54.74056396649265,15.308481272427764,ðŸ”´ DEPLOY MOBILE VAN
1,Nagaland,Mon,61.91879339883039,17.33674925116263,ðŸ”´ DEPLOY MOBILE VAN
1,Odisha,Baudh,39.61315208330338,11.104130954192104,ðŸ”´ DEPLOY MOBILE VAN
1,Manipur,Chandel,54.93213805069024,15.547936810446075,ðŸ”´ DEPLOY MOBILE VAN
1,Mizoram,Aizawl,390.8792217076979,111.37391785060103,ðŸ”´ DEPLOY MOBILE VAN
1,Jharkhand,Palamau,24.127697228930543,6.9078389911850255,ðŸ”´ DEPLOY MOBILE VAN
1,Manipur,Bishnupur,167.37608941448983,48.25148538771354,ðŸ”´ DEPLOY MOBILE VAN
1,Tamil Nadu,Thiruvallur,37.78508508827609,10.972255457964947,ðŸ”´ DEPLOY MOBILE VAN
1,Uttar Pradesh,Prayagraj,460.640721106495,133.9201736758301,ðŸ”´ DEPLOY MOBILE VAN
1,Karnataka,Chamrajnagar,37.39384504058465,10.894787842391462,ðŸ”´ DEPLOY MOBILE VAN
1,Andaman and Nicobar Islands,South Andaman,124.90201518893323,36.614364458556885,ðŸ”´ DEPLOY MOBILE VAN
1,Telangana,Narayanpet,62.39976730608017,18.31988495164486,ðŸ”´ DEPLOY MOBILE VAN
1,Jharkhand,Latehar,669.7245981969254,198.02773211180505,ðŸ”´ DEPLOY MOBILE VAN
1,Jammu and Kashmir,Bandipore,530.4308380764257,157.25333686561868,ðŸ”´ DEPLOY MOBILE VAN
1,Orissa,Baleshwar,42.87490277760799,12.726465683779228,ðŸ”´ DEPLOY MOBILE VAN
1,Arunachal Pradesh,Changlang,51.00963217063919,15.149674959437395,ðŸ”´ DEPLOY MOBILE VAN
1,Assam,North Cachar Hills,39.28043725351233,11.684876596952659,ðŸ”´ DEPLOY MOBILE VAN
1,Andhra Pradesh,Bapatla,78.0520179851313,23.72539936938446,ðŸ”´ DEPLOY MOBILE VAN
1,Meghalaya,West Khasi Hills,59.47216888028852,18.20436250810848,ðŸ”´ DEPLOY MOBILE VAN
1,Arunachal Pradesh,Papum Pare,42.52606681928181,13.056807868983853,ðŸ”´ DEPLOY MOBILE VAN
1,Odisha,Subarnapur,40.60790944775802,12.481904737728769,ðŸ”´ DEPLOY MOBILE VAN
1,Jammu and Kashmir,Shupiyan,292.7527434086757,90.48888096048123,ðŸ”´ DEPLOY MOBILE VAN
1,Jharkhand,Palamu,1519.8971817633587,476.56943534379656,ðŸ”´ DEPLOY MOBILE VAN
1,Arunachal Pradesh,West Kameng,64.61156883658946,20.496136097889742,ðŸ”´ DEPLOY MOBILE VAN
1,Assam,Marigaon,748.7911851144647,238.2490455445037,ðŸ”´ DEPLOY MOBILE VAN
1,Andhra Pradesh,Anakapalli,75.78671051755035,24.14117154058928,ðŸ”´ DEPLOY MOBILE VAN
1,Gujarat,The Dangs,458.15052517019177,147.74614831690025,ðŸ”´ DEPLOY MOBILE VAN
1,Assam,Kamrup Metro,495.6631311461612,160.10106780522523,ðŸ”´ DEPLOY MOBILE VAN
1,Jharkhand,Garhwa,1323.196357420984,427.47213056696114,ðŸ”´ DEPLOY MOBILE VAN
1,Tamil Nadu,Theni,3022.627964066241,979.8831759445125,ðŸ”´ DEPLOY MOBILE VAN
1,Assam,Hojai,758.5347505431938,247.17599169879466,ðŸ”´ DEPLOY MOBILE VAN
1,Jharkhand,Garhwa *,31.82825027739031,10.477958696793223,ðŸ”´ DEPLOY MOBILE VAN
1,Jammu and Kashmir,Reasi,469.48642824502105,154.90833998030408,ðŸ”´ DEPLOY MOBILE VAN
1,Nagaland,Dimapur,781.0106772929125,258.19020642165185,ðŸ”´ DEPLOY MOBILE VAN
1,West Bengal,South Twenty Four Parganas,635.5613488106376,210.7787513040413,ðŸ”´ DEPLOY MOBILE VAN
1,Uttarakhand,Nainital,3812.7296555986495,1269.7478165613215,ðŸ”´ DEPLOY MOBILE VAN
1,Jharkhand,Simdega,916.345494654276,306.07114497563373,ðŸ”´ DEPLOY MOBILE VAN
1,Rajasthan,Jhunjhunu,39.34843384885132,13.144926301346704,ðŸ”´ DEPLOY MOBILE VAN
1,Meghalaya,East Jaintia Hills,32.52426306752515,10.882541511116482,ðŸ”´ DEPLOY MOBILE VAN
1,Haryana,Jind,2603.3693724163736,874.7500472280767,ðŸ”´ DEPLOY MOBILE VAN
1,Uttarakhand,Tehri Garhwal,2743.089255050213,924.8327868909325,ðŸ”´ DEPLOY MOBILE VAN
1,Nagaland,Wokha,35.00825400284322,11.83747326042505,ðŸ”´ DEPLOY MOBILE VAN
1,Jharkhand,Kodarma,28.10020596906997,9.504407664220622,ðŸ”´ DEPLOY MOBILE VAN
1,Haryana,Sirsa,2799.687184627596,948.1022635256512,ðŸ”´ DEPLOY MOBILE VAN
1,Haryana,Bhiwani,2619.559057556033,887.6029940180458,ðŸ”´ DEPLOY MOBILE VAN
1,Punjab,S.A.S Nagar(Mohali),33.67226441804641,11.42161971749286,ðŸ”´ DEPLOY MOBILE VAN
1,Puducherry,Puducherry,699.7390137699729,237.4430314397468,ðŸ”´ DEPLOY MOBILE VAN
1,Telangana,Mancherial,448.1097215760183,152.3065197379334,ðŸ”´ DEPLOY MOBILE VAN
1,Himachal Pradesh,Kinnaur,42.94875607151097,14.632297037111394,ðŸ”´ DEPLOY MOBILE VAN
1,Karnataka,Davanagere,77.33681801680416,26.35007860492946,ðŸ”´ DEPLOY MOBILE VAN
1,Haryana,Panipat,2424.263322434315,827.1999463926188,ðŸ”´ DEPLOY MOBILE VAN
1,Assam,Goalpara,859.4319299468935,295.891769909443,ðŸ”´ DEPLOY MOBILE VAN
1,Punjab,Bathinda,2871.990377992822,994.960492676912,ðŸ”´ DEPLOY MOBILE VAN
1,Assam,Udalguri,651.6257513019633,226.88576655155813,ðŸ”´ DEPLOY MOBILE VAN
1,Andhra Pradesh,Parvathipuram Manyam,87.31783573148631,30.51490327594137,ðŸ”´ DEPLOY MOBILE VAN
1,Haryana,Yamuna Nagar,2513.316160279333,878.4205108213414,ðŸ”´ DEPLOY MOBILE VAN
1,Andaman and Nicobar Islands,North And Middle Andaman,37.90596634545023,13.25128849817397,ðŸ”´ DEPLOY MOBILE VAN
1,Jharkhand,Dumka,841.3928274414254,295.11852154744633,ðŸ”´ DEPLOY MOBILE VAN
1,Assam,Nagaon,3461.188055243258,1215.799489194072,ðŸ”´ DEPLOY MOBILE VAN
1,Delhi,New Delhi,45.63509908463431,16.101021537100912,ðŸ”´ DEPLOY MOBILE VAN
1,Gujarat,Dohad,377.8741060653026,133.36098144709027,ðŸ”´ DEPLOY MOBILE VAN
1,Chhattisgarh,Bemetara,5661.156522975064,2003.7960821105182,ðŸ”´ DEPLOY MOBILE VAN
1,Bihar,Purnea,43.61286358725715,15.485068861314701,ðŸ”´ DEPLOY MOBILE VAN
1,Haryana,Mewat,2049.2265147083845,727.7988472310931,ðŸ”´ DEPLOY MOBILE VAN
1,Bihar,Kishanganj,3461.6257519310825,1231.525101951334,ðŸ”´ DEPLOY MOBILE VAN
1,Ladakh,Leh,31.83252581889316,11.33701505728108,ðŸ”´ DEPLOY MOBILE VAN
1,Manipur,Tamenglong,49.47180599046055,17.729133085193755,ðŸ”´ DEPLOY MOBILE VAN
1,Jharkhand,Gumla,1443.8602600084782,518.2591029547059,ðŸ”´ DEPLOY MOBILE VAN
1,Bihar,Banka,2275.844215870605,817.0914179368148,ðŸ”´ DEPLOY MOBILE VAN
1,Andhra Pradesh,Palnadu,83.63074712699702,30.089922752005776,ðŸ”´ DEPLOY MOBILE VAN
1,Jharkhand,Ranchi,1891.170900633983,685.106062671561,ðŸ”´ DEPLOY MOBILE VAN
1,Nagaland,Mokokchung,44.01768929519885,16.080710475463587,ðŸ”´ DEPLOY MOBILE VAN
1,Punjab,Sangrur,2163.1575935331657,793.2341522726931,ðŸ”´ DEPLOY MOBILE VAN
1,Andhra Pradesh,Mahbubnagar,449.0675177473295,165.46077116774296,ðŸ”´ DEPLOY MOBILE VAN
1,Telangana,Suryapet,455.7228922332422,168.5056474461748,ðŸ”´ DEPLOY MOBILE VAN
1,Jharkhand,Giridih,1278.0784299902311,475.7964724560022,ðŸ”´ DEPLOY MOBILE VAN
1,Bihar,Supaul,2421.450988560938,903.8442995030437,ðŸ”´ DEPLOY MOBILE VAN
1,West Bengal,Puruliya,2141.6114413162263,803.8794044740732,ðŸ”´ DEPLOY MOBILE VAN
1,Bihar,Jamui,2202.8016758452013,827.5147822497054,ðŸ”´ DEPLOY MOBILE VAN
1,Nagaland,Longleng,14.89950494195112,5.652542754415093,ðŸ”´ DEPLOY MOBILE VAN
1,Orissa,Balangir,80.29140175268557,30.4682843503259,ðŸ”´ DEPLOY MOBILE VAN
1,Himachal Pradesh,Kangra,2964.661355998596,1125.5072592633942,ðŸ”´ DEPLOY MOBILE VAN
1,West Bengal,Malda,2061.5936418353235,782.6903575823835,ðŸ”´ DEPLOY MOBILE VAN
1,Karnataka,Chamarajanagar,32.64606016912473,12.431845551577256,ðŸ”´ DEPLOY MOBILE VAN
1,Bihar,Madhepura,2537.5034454538027,967.4348179957711,ðŸ”´ DEPLOY MOBILE VAN
1,Jammu and Kashmir,Srinagar,2256.7928401629524,866.3306354991382,ðŸ”´ DEPLOY MOBILE VAN
1,Bihar,Begusarai,2938.092114565276,1128.9889752379866,ðŸ”´ DEPLOY MOBILE VAN
1,Assam,Karimganj,1568.036225869329,602.8612389163865,ðŸ”´ DEPLOY MOBILE VAN
1,Lakshadweep,Lakshadweep,30.47164707273278,11.756545654326153,ðŸ”´ DEPLOY MOBILE VAN
1,Jammu and Kashmir,Jammu,2900.1648615278345,1119.3124749204003,ðŸ”´ DEPLOY MOBILE VAN
1,Jharkhand,Bokaro,1444.718115818344,557.7596392486649,ðŸ”´ DEPLOY MOBILE VAN
1,Dadra and Nagar Haveli,Dadra and Nagar Haveli,488.0461327448048,189.29319161319313,ðŸ”´ DEPLOY MOBILE VAN
1,Jharkhand,West Singhbhum,1934.8598764779224,751.9629601760066,ðŸ”´ DEPLOY MOBILE VAN
1,Jharkhand,Chatra,846.9503841137067,329.28944953569027,ðŸ”´ DEPLOY MOBILE VAN
1,Jharkhand,Hazaribagh,1133.629216481943,442.45400415661084,ðŸ”´ DEPLOY MOBILE VAN
1,Orissa,Cuttack,51.39487202235491,20.1068110916316,ðŸ”´ DEPLOY MOBILE VAN
1,Punjab,Jalandhar,3341.7034812236543,1307.9061733953524,ðŸ”´ DEPLOY MOBILE VAN
1,Bihar,Araria,2910.8825856797703,1139.534259008731,ðŸ”´ DEPLOY MOBILE VAN
1,Madhya Pradesh,Balaghat,3661.288065698992,1438.0331970976697,ðŸ”´ DEPLOY MOBILE VAN
1,West Bengal,Hooghly,2362.2788275181674,928.0290092423143,ðŸ”´ DEPLOY MOBILE VAN
1,Nagaland,Peren,21.48806259214217,8.445331201217366,ðŸ”´ DEPLOY MOBILE VAN
1,Jammu and Kashmir,Kishtwar,579.7411590530448,227.8827996053771,ðŸ”´ DEPLOY MOBILE VAN
1,Jharkhand,Godda,1033.1668206419156,406.2602008287714,ðŸ”´ DEPLOY MOBILE VAN
1,Jharkhand,Dhanbad,1537.8306293837802,605.6211226856765,ðŸ”´ DEPLOY MOBILE VAN
1,Odisha,Anugul,29.869933770460456,11.774816668314564,ðŸ”´ DEPLOY MOBILE VAN
1,Rajasthan,Chittaurgarh,30.286509652717108,12.017345821037985,ðŸ”´ DEPLOY MOBILE VAN
1,Bihar,Bhagalpur,2826.564537348748,1122.714686654663,ðŸ”´ DEPLOY MOBILE VAN
1,Jharkhand,Deoghar,876.8848441586676,348.8738683149144,ðŸ”´ DEPLOY MOBILE VAN
1,Assam,Dhemaji,558.0517358570504,222.5196915665321,ðŸ”´ DEPLOY MOBILE VAN
1,Karnataka,Bagalkot *,34.40693802759041,13.729225401806989,ðŸ”´ DEPLOY MOBILE VAN
1,Jharkhand,East Singhbhum,1407.978848906413,562.4819353827679,ðŸ”´ DEPLOY MOBILE VAN
1,Sikkim,East,24.547417320850823,9.810419967417504,ðŸ”´ DEPLOY MOBILE VAN
1,Bihar,Rohtas,2402.664211173417,960.3896492633068,ðŸ”´ DEPLOY MOBILE VAN
1,Haryana,Fatehabad,1916.60327012034,768.3461698986478,ðŸ”´ DEPLOY MOBILE VAN
1,Maharashtra,Dharashiv,6.932149935722228,2.784714751251488,ðŸ”´ DEPLOY MOBILE VAN
1,Jharkhand,Sahebganj,852.6715986879593,343.2283248892421,ðŸ”´ DEPLOY MOBILE VAN
1,Chhattisgarh,Mungeli,5193.043680723571,2093.4970703047193,ðŸ”´ DEPLOY MOBILE VAN
1,West Bengal,Kolkata,1895.0206372765776,764.001316567141,ðŸ”´ DEPLOY MOBILE VAN
1,Bihar,Bhojpur,2299.7818728520047,930.5820400619615,ðŸ”´ DEPLOY MOBILE VAN
1,Madhya Pradesh,Mauganj,13.573158050768912,5.498905046256544,ðŸ”´ DEPLOY MOBILE VAN
1,Maharashtra,Chandrapur,6841.818307113996,2772.5109507159877,ðŸ”´ DEPLOY MOBILE VAN
1,Rajasthan,Baran,2793.9184182453923,1132.4707103964356,ðŸ”´ DEPLOY MOBILE VAN
1,Maharashtra,Gadchiroli,4853.713043597599,1969.0944068241072,ðŸ”´ DEPLOY MOBILE VAN
1,Assam,Sonitpur,772.6554868550168,314.2936683338464,ðŸ”´ DEPLOY MOBILE VAN
1,Mizoram,Champhai,25.59651870096628,10.4441036119984,ðŸ”´ DEPLOY MOBILE VAN
1,Bihar,Nalanda,2501.7332117425944,1023.7091570317207,ðŸ”´ DEPLOY MOBILE VAN
1,Madhya Pradesh,Chhindwara,3731.683957935322,1528.7498993661793,ðŸ”´ DEPLOY MOBILE VAN
1,Madhya Pradesh,Dewas,2908.844300037953,1191.6994039155252,ðŸ”´ DEPLOY MOBILE VAN
1,Bihar,Khagaria,1979.80284112404,812.2446430414041,ðŸ”´ DEPLOY MOBILE VAN
1,West Bengal,Birbhum,2325.5308071428294,956.5436080155459,ðŸ”´ DEPLOY MOBILE VAN
1,Bihar,Nawada,1981.2631692923344,815.5037417240812,ðŸ”´ DEPLOY MOBILE VAN
1,West Bengal,Bankura,2249.6023519413848,933.4415873024936,ðŸ”´ DEPLOY MOBILE VAN
1,Chhattisgarh,Kabeerdham,2654.0614294351208,1101.3223186978369,ðŸ”´ DEPLOY MOBILE VAN
1,Arunachal Pradesh,Lohit,42.30569724103199,17.597630137382822,ðŸ”´ DEPLOY MOBILE VAN
1,Madhya Pradesh,Betul,3222.214402285155,1342.4379923825568,ðŸ”´ DEPLOY MOBILE VAN
1,Assam,Lakhimpur,1088.8969707542606,453.845744263559,ðŸ”´ DEPLOY MOBILE VAN
1,Tamil Nadu,Tenkasi,541.7469134746391,225.83281881796898,ðŸ”´ DEPLOY MOBILE VAN
1,Punjab,Hoshiarpur,2160.7810399690334,901.5812337540976,ðŸ”´ DEPLOY MOBILE VAN
1,West Bengal,East Midnapore,559.2313124883622,233.52565755382628,ðŸ”´ DEPLOY MOBILE VAN
1,Assam,Dhubri,1476.6388717038517,616.9984162860919,ðŸ”´ DEPLOY MOBILE VAN
1,Bihar,West Champaran,3689.517041301157,1544.9956916996434,ðŸ”´ DEPLOY MOBILE VAN
1,Maharashtra,Washim,3462.780140134601,1451.634088368134,ðŸ”´ DEPLOY MOBILE VAN
1,Tamil Nadu,Namakkal,3468.099010117633,1457.6503181945104,ðŸ”´ DEPLOY MOBILE VAN
1,Bihar,Sitamarhi,3307.19193169955,1392.5814702784432,ðŸ”´ DEPLOY MOBILE VAN
1,Kerala,Kottayam,1833.69559227615,772.3194684608152,ðŸ”´ DEPLOY MOBILE VAN
1,Punjab,Patiala,2946.9243321342483,1243.603418468595,ðŸ”´ DEPLOY MOBILE VAN
1,Tamil Nadu,Nagapattinam,3124.1424756438373,1319.8742892316811,ðŸ”´ DEPLOY MOBILE VAN
1,Haryana,Rohtak,1900.235005513493,802.8864775873847,ðŸ”´ DEPLOY MOBILE VAN
1,Assam,Cachar,1776.794046456499,750.8838018276947,ðŸ”´ DEPLOY MOBILE VAN
1,West Bengal,Darjeeling,1024.7949387542938,433.8817086374124,ðŸ”´ DEPLOY MOBILE VAN
1,Tamil Nadu,Sivaganga,3100.9314399903374,1313.0645695058147,ðŸ”´ DEPLOY MOBILE VAN
1,Maharashtra,Ratnagiri,5020.078388196436,2135.606678843739,ðŸ”´ DEPLOY MOBILE VAN
1,Rajasthan,Hanumangarh,2920.5777682640787,1244.4109474507143,ðŸ”´ DEPLOY MOBILE VAN
1,West Bengal,Nadia,2303.2322942574306,981.5223014614022,ðŸ”´ DEPLOY MOBILE VAN
1,Karnataka,Gadag *,17.848178637300897,7.619280271865198,ðŸ”´ DEPLOY MOBILE VAN
1,Bihar,Saharsa,2501.7332117425944,1068.4470941804416,ðŸ”´ DEPLOY MOBILE VAN
1,Kerala,Ernakulam,3106.535810072758,1328.8931434527753,ðŸ”´ DEPLOY MOBILE VAN
1,Chhattisgarh,Kondagaon,3514.0322810820817,1503.405157279934,ðŸ”´ DEPLOY MOBILE VAN
1,Haryana,Mahendragarh,1536.6805730190504,657.5199296971319,ðŸ”´ DEPLOY MOBILE VAN
1,Punjab,Pathankot,774.2860422261535,331.80863316888923,ðŸ”´ DEPLOY MOBILE VAN
1,Haryana,Faridabad,2809.934402114596,1204.2430925505435,ðŸ”´ DEPLOY MOBILE VAN
1,Kerala,Kozhikode,3777.746831465276,1619.3126651986713,ðŸ”´ DEPLOY MOBILE VAN
1,Haryana,Kurukshetra,1564.4235080821195,671.0810680271435,ðŸ”´ DEPLOY MOBILE VAN
1,Uttar Pradesh,Farrukhabad,2921.865971770428,1255.4924656393664,ðŸ”´ DEPLOY MOBILE VAN
1,Nagaland,Kiphire,20.160179679724067,8.669880441554863,ðŸ”´ DEPLOY MOBILE VAN
1,Bihar,Gopalganj,2321.5868084522717,999.2417152352978,ðŸ”´ DEPLOY MOBILE VAN
1,Bihar,Saran,3333.2353723782044,1435.5050854391507,ðŸ”´ DEPLOY MOBILE VAN
1,Arunachal Pradesh,West Siang,30.252559072405333,13.036164885984117,ðŸ”´ DEPLOY MOBILE VAN
1,Gujarat,Junagadh,3100.467826977697,1338.8890391801638,ðŸ”´ DEPLOY MOBILE VAN
1,Andhra Pradesh,Srikakulam,4826.095883174584,2085.5487551976303,ðŸ”´ DEPLOY MOBILE VAN
1,Jharkhand,Seraikela-Kharsawan,801.1203316860814,346.76885903902496,ðŸ”´ DEPLOY MOBILE VAN
1,Haryana,Ambala,1732.0255304274492,750.0531373252934,ðŸ”´ DEPLOY MOBILE VAN
1,West Bengal,Jalpaiguri,1639.23791436113,709.9976400089669,ðŸ”´ DEPLOY MOBILE VAN
1,Madhya Pradesh,Vidisha,2788.3142796077245,1213.1018406135568,ðŸ”´ DEPLOY MOBILE VAN
1,Madhya Pradesh,Anuppur,1343.1068756536397,585.1902577421213,ðŸ”´ DEPLOY MOBILE VAN
1,Bihar,Sheohar,901.646881552156,393.14904132905906,ðŸ”´ DEPLOY MOBILE VAN
1,Uttar Pradesh,Amroha,2948.1324270623186,1287.7480441077573,ðŸ”´ DEPLOY MOBILE VAN
1,Bihar,Aurangabad,1936.3504517468068,847.3701501863579,ðŸ”´ DEPLOY MOBILE VAN
1,Uttar Pradesh,Sambhal,3043.631780022919,1335.5192141580037,ðŸ”´ DEPLOY MOBILE VAN
1,Haryana,Kaithal,1923.3680971582655,845.3381652022272,ðŸ”´ DEPLOY MOBILE VAN
1,Bihar,Vaishali,3473.837392175014,1527.5426187302542,ðŸ”´ DEPLOY MOBILE VAN
1,Uttar Pradesh,Pratapgarh,2908.743369146616,1280.9057774259754,ðŸ”´ DEPLOY MOBILE VAN
1,Tamil Nadu,Ramanathapuram,3238.4754738415363,1428.7851660982692,ðŸ”´ DEPLOY MOBILE VAN
1,Haryana,Karnal,2523.839428521336,1114.810243251012,ðŸ”´ DEPLOY MOBILE VAN
1,Nagaland,Chumukedima,4.235122702251654,1.871682397966365,ðŸ”´ DEPLOY MOBILE VAN
1,Tamil Nadu,Thiruvarur,3302.482747668012,1467.2192180047177,ðŸ”´ DEPLOY MOBILE VAN
1,Odisha,Puri,1921.5361115587252,853.9933027047931,ðŸ”´ DEPLOY MOBILE VAN
1,Uttarakhand,Almora,1603.4455636119571,714.3233525662835,ðŸ”´ DEPLOY MOBILE VAN
1,Odisha,Sonapur,434.3288214070343,194.02506124980286,ðŸ”´ DEPLOY MOBILE VAN
1,Odisha,Boudh,482.1030777727984,215.4705692568886,ðŸ”´ DEPLOY MOBILE VAN
1,Madhya Pradesh,Ratlam,4459.310720944444,1993.5481509287597,ðŸ”´ DEPLOY MOBILE VAN
1,Bihar,Gaya,3366.5844843521454,1513.6200875905176,ðŸ”´ DEPLOY MOBILE VAN
1,Bihar,Siwan,2585.064442762504,1162.2881950468259,ðŸ”´ DEPLOY MOBILE VAN
1,Rajasthan,Dungarpur,2747.912489436516,1236.2385256246205,ðŸ”´ DEPLOY MOBILE VAN
1,Rajasthan,Bundi,1799.6704797325897,810.9249446148293,ðŸ”´ DEPLOY MOBILE VAN
1,Haryana,Hisar,2819.0199127267124,1277.883458305105,ðŸ”´ DEPLOY MOBILE VAN
1,Gujarat,Panchmahals,3542.321808995231,1608.9851352585692,ðŸ”´ DEPLOY MOBILE VAN
1,Karnataka,Chitradurga,1821.5053455013845,828.222056264181,ðŸ”´ DEPLOY MOBILE VAN
1,Madhya Pradesh,Sehore,2553.3703495969085,1162.5543653673496,ðŸ”´ DEPLOY MOBILE VAN
1,Madhya Pradesh,Shivpuri,2729.7958116783893,1243.2210244457724,ðŸ”´ DEPLOY MOBILE VAN
1,Uttar Pradesh,Siddharthnagar,3335.557591649591,1520.9233123377712,ðŸ”´ DEPLOY MOBILE VAN
1,Rajasthan,Jhunjhunun,2934.198510549961,1339.148737728172,ðŸ”´ DEPLOY MOBILE VAN
1,Chhattisgarh,Rajnandgaon,6334.802845991802,2891.625123498892,ðŸ”´ DEPLOY MOBILE VAN
1,Chhattisgarh,Kawardha,3008.1701989565536,1375.5697989733123,ðŸ”´ DEPLOY MOBILE VAN
1,Jammu and Kashmir,Rajouri,1340.9450195568168,613.6499163626706,ðŸ”´ DEPLOY MOBILE VAN
1,West Bengal,Purba Medinipur,2495.675896860471,1142.7104350529671,ðŸ”´ DEPLOY MOBILE VAN
1,Gujarat,Kheda,2727.6466231495388,1249.4609097072184,ðŸ”´ DEPLOY MOBILE VAN
1,Kerala,Thiruvananthapuram,2707.5337214942574,1243.5214179569955,ðŸ”´ DEPLOY MOBILE VAN
1,Odisha,JAJPUR,743.253291575058,342.2667387343565,ðŸ”´ DEPLOY MOBILE VAN
1,Uttarakhand,Haridwar,5218.446373156388,2409.345679896311,ðŸ”´ DEPLOY MOBILE VAN
1,Rajasthan,Kota,2277.2705355790235,1052.6059505737894,ðŸ”´ DEPLOY MOBILE VAN
1,Bihar,Purnia,3777.7752159092506,1747.398098825381,ðŸ”´ DEPLOY MOBILE VAN
1,Gujarat,Ahmadabad,662.933638289375,306.7339108007678,ðŸ”´ DEPLOY MOBILE VAN
1,Madhya Pradesh,Niwari,19.24889078255943,8.907340119227042,ðŸ”´ DEPLOY MOBILE VAN
1,Gujarat,Anand,2650.9152558973456,1232.565305017678,ðŸ”´ DEPLOY MOBILE VAN
1,Rajasthan,Dausa,2915.9303796310423,1357.8414658956726,ðŸ”´ DEPLOY MOBILE VAN
1,West Bengal,Kalimpong,14.071985491089556,6.5691996554742005,ðŸ”´ DEPLOY MOBILE VAN
1,Maharashtra,Gondia,37.24476988424361,17.397530485549638,ðŸ”´ DEPLOY MOBILE VAN
1,Jharkhand,Sahibganj,28.41857373852429,13.283482352486534,ðŸ”´ DEPLOY MOBILE VAN
1,Kerala,Palakkad,2926.5391845153554,1371.8255444904953,ðŸ”´ DEPLOY MOBILE VAN
1,Uttar Pradesh,Maharajganj,3028.119493078617,1420.4626068498035,ðŸ”´ DEPLOY MOBILE VAN
1,Kerala,Kollam,2958.8062539770026,1388.4599357732866,ðŸ”´ DEPLOY MOBILE VAN
1,Rajasthan,Tonk,2109.677940825845,990.6304392464765,ðŸ”´ DEPLOY MOBILE VAN
1,Uttar Pradesh,Sant Kabir Nagar,3014.497351380789,1416.4807689849292,ðŸ”´ DEPLOY MOBILE VAN
1,Delhi,North East Delhi,3098.901406212177,1457.2587432234964,ðŸ”´ DEPLOY MOBILE VAN
1,Bihar,Katihar,3967.399974369136,1866.2918353772927,ðŸ”´ DEPLOY MOBILE VAN
1,Chhattisgarh,Mahasamund,4474.976094454923,2108.301645360986,ðŸ”´ DEPLOY MOBILE VAN
1,Karnataka,Kalaburagi,2160.090198377794,1017.7047962589165,ðŸ”´ DEPLOY MOBILE VAN
1,Punjab,Amritsar,2945.986268255775,1389.1847801985587,ðŸ”´ DEPLOY MOBILE VAN
1,Madhya Pradesh,Tikamgarh,2726.23069858537,1286.0662373959526,ðŸ”´ DEPLOY MOBILE VAN
1,Jharkhand,Pakaur,13.173791890380675,6.218621273642292,ðŸ”´ DEPLOY MOBILE VAN
1,Delhi,South West Delhi,2896.024445322846,1367.7106575824635,ðŸ”´ DEPLOY MOBILE VAN
1,Maharashtra,Mumbai City,1915.4747613553916,906.9111623633996,ðŸ”´ DEPLOY MOBILE VAN
1,Madhya Pradesh,Morena,2651.732441323034,1258.2173749889046,ðŸ”´ DEPLOY MOBILE VAN
1,Bihar,Arwal,718.3347692477842,341.49558826878626,ðŸ”´ DEPLOY MOBILE VAN
1,Punjab,Shaheed Bhagat Singh Nagar,1026.7625510735077,488.7083376665113,ðŸ”´ DEPLOY MOBILE VAN
1,Chhattisgarh,Dhamtari,3223.8795948592738,1535.34019338078,ðŸ”´ DEPLOY MOBILE VAN
1,Punjab,Gurdaspur,2311.8245835111866,1102.3026918621863,ðŸ”´ DEPLOY MOBILE VAN
1,Karnataka,Shimoga,707.5127471490526,337.5934785259695,ðŸ”´ DEPLOY MOBILE VAN
1,Chhattisgarh,Durg,6830.356806369542,3268.1273033508623,ðŸ”´ DEPLOY MOBILE VAN
1,Punjab,Faridkot,1104.6002758008008,528.837972764646,ðŸ”´ DEPLOY MOBILE VAN
1,Odisha,Khorda,2315.4765111490187,1108.8217617777505,ðŸ”´ DEPLOY MOBILE VAN
1,Chhattisgarh,Gariyaband,2818.614535885574,1349.7675714933268,ðŸ”´ DEPLOY MOBILE VAN
1,Uttar Pradesh,Unnao,3617.3261891488287,1735.231286664149,ðŸ”´ DEPLOY MOBILE VAN
1,West Bengal,South 24 Parganas,3482.9943665510973,1670.9277967209457,ðŸ”´ DEPLOY MOBILE VAN
1,Madhya Pradesh,Chhatarpur,3000.81354922273,1440.23009647884,ðŸ”´ DEPLOY MOBILE VAN
1,Karnataka,Gulbarga,2210.4362083173382,1061.2493089987074,ðŸ”´ DEPLOY MOBILE VAN
1,Rajasthan,Ganganagar,3037.847777065309,1458.596299512378,ðŸ”´ DEPLOY MOBILE VAN
1,Mizoram,Kolasib,28.43095945829149,13.665055327606005,ðŸ”´ DEPLOY MOBILE VAN
1,West Bengal,Dakshin Dinajpur,846.1499515897904,406.7250731141818,ðŸ”´ DEPLOY MOBILE VAN
1,Goa,South Goa,759.7949396826873,365.38500658030165,ðŸ”´ DEPLOY MOBILE VAN
1,Assam,Kamrup,977.4997252372972,470.7101326084562,ðŸ”´ DEPLOY MOBILE VAN
1,Karnataka,Belgaum,3315.2009076110494,1598.69808754207,ðŸ”´ DEPLOY MOBILE VAN
1,Jammu and Kashmir,Kulgam,707.6313727545344,341.3819542646146,ðŸ”´ DEPLOY MOBILE VAN
1,Uttar Pradesh,Rampur,3086.823353814691,1490.1020192849044,ðŸ”´ DEPLOY MOBILE VAN
1,Haryana,Panchkula,1028.8350176253289,497.19949586002315,ðŸ”´ DEPLOY MOBILE VAN
1,Tripura,West Tripura,2212.2110282976187,1069.1338815105298,ðŸ”´ DEPLOY MOBILE VAN
1,Nagaland,Noklak,5.6958716581427575,2.756713769621249,ðŸ”´ DEPLOY MOBILE VAN
1,Karnataka,Tumkur,2056.622857261871,995.4334296524114,ðŸ”´ DEPLOY MOBILE VAN
1,Rajasthan,Sawai Madhopur,2319.679053485464,1123.179071910915,ðŸ”´ DEPLOY MOBILE VAN
1,Tamil Nadu,Thoothukkudi,4798.287612944945,2324.8033134030566,ðŸ”´ DEPLOY MOBILE VAN
1,Maharashtra,Chatrapati Sambhaji Nagar,19.990135717335,9.685571347227294,ðŸ”´ DEPLOY MOBILE VAN
1,Madhya Pradesh,Dhar,2358.2784792721336,1142.950138702713,ðŸ”´ DEPLOY MOBILE VAN
1,Rajasthan,Banswara,2733.808155591099,1325.5221174220046,ðŸ”´ DEPLOY MOBILE VAN
1,Uttar Pradesh,Firozabad,3076.120952720275,1491.6755148508714,ðŸ”´ DEPLOY MOBILE VAN
1,Arunachal Pradesh,Longding,13.73216692458016,6.66036812120069,ðŸ”´ DEPLOY MOBILE VAN
1,Madhya Pradesh,Khargone,3003.1653722424107,1456.8810668502483,ðŸ”´ DEPLOY MOBILE VAN
1,Uttar Pradesh,Shamli,3086.823353814691,1498.517535119005,ðŸ”´ DEPLOY MOBILE VAN
1,Gujarat,Kachchh,2918.199000084757,1417.39372126114,ðŸ”´ DEPLOY MOBILE VAN
1,Uttar Pradesh,Faizabad,2421.1120952107626,1177.182513019833,ðŸ”´ DEPLOY MOBILE VAN
1,Madhya Pradesh,Bhind,1940.3648517787944,944.1603357843853,ðŸ”´ DEPLOY MOBILE VAN
1,West Bengal,North Dinajpur,15.373366353298945,7.481332995354597,ðŸ”´ DEPLOY MOBILE VAN
1,Bihar,Jehanabad,1005.5409740629372,489.5801979889279,ðŸ”´ DEPLOY MOBILE VAN
1,Uttar Pradesh,Kaushambi,2421.1120952107626,1179.0851726658816,ðŸ”´ DEPLOY MOBILE VAN
1,Maharashtra,Gondiya,3125.8277750270627,1524.630076008943,ðŸ”´ DEPLOY MOBILE VAN
1,Madhya Pradesh,Gwalior,2813.395871316874,1374.018432384874,ðŸ”´ DEPLOY MOBILE VAN
1,Uttar Pradesh,Sultanpur,2957.1534210339,1445.2370688429692,ðŸ”´ DEPLOY MOBILE VAN
1,West Bengal,South Dinajpur,18.103352788865955,8.853378857543062,ðŸ”´ DEPLOY MOBILE VAN
1,Uttar Pradesh,Mau,2331.5699383154706,1140.3912956060017,ðŸ”´ DEPLOY MOBILE VAN
1,Chhattisgarh,Balod,2997.808020700762,1466.9138435187117,ðŸ”´ DEPLOY MOBILE VAN
1,Rajasthan,Sirohi,2378.990256742099,1164.6515579783022,ðŸ”´ DEPLOY MOBILE VAN
1,Gujarat,Panch Mahals,9.098180470621394,4.454243105265327,ðŸ”´ DEPLOY MOBILE VAN
1,Arunachal Pradesh,East Siang,27.371184158958982,13.421847889711714,ðŸ”´ DEPLOY MOBILE VAN
1,Uttar Pradesh,Ambedkar Nagar,2398.5577281463097,1176.2965921497162,ðŸ”´ DEPLOY MOBILE VAN
1,Jammu and Kashmir,Baramula,1634.53193876745,801.9092826119928,ðŸ”´ DEPLOY MOBILE VAN
1,Uttar Pradesh,Mirzapur,2952.355147438081,1448.6622758800286,ðŸ”´ DEPLOY MOBILE VAN
1,Uttar Pradesh,Mathura,3026.0208075477285,1486.0527852721953,ðŸ”´ DEPLOY MOBILE VAN
1,Karnataka,Belagavi,2419.672267682672,1188.332687155471,ðŸ”´ DEPLOY MOBILE VAN
1,Chhattisgarh,Sukma,2041.0398160476068,1002.7685469182891,ðŸ”´ DEPLOY MOBILE VAN
1,Uttar Pradesh,Pilibhit,3302.0873192668714,1625.5214753611635,ðŸ”´ DEPLOY MOBILE VAN
1,Madhya Pradesh,Mandsaur,1616.767287681658,796.7276152633945,ðŸ”´ DEPLOY MOBILE VAN
1,Chhattisgarh,Kanker,2868.9185977067286,1415.6248595823463,ðŸ”´ DEPLOY MOBILE VAN
1,Uttar Pradesh,Kanpur Dehat,2055.828137681969,1015.8950150792932,ðŸ”´ DEPLOY MOBILE VAN
1,Rajasthan,Bikaner,3534.4636438027837,1749.3094034996275,ðŸ”´ DEPLOY MOBILE VAN
1,Uttarakhand,Dehradun,4804.268022479453,2380.846592428841,ðŸ”´ DEPLOY MOBILE VAN
1,Karnataka,Kolar,2038.4794240775288,1011.120319397307,ðŸ”´ DEPLOY MOBILE VAN
1,Rajasthan,Jhalawar,2740.1141481534246,1360.5681784220847,ðŸ”´ DEPLOY MOBILE VAN
1,Karnataka,Uttara Kannada,1577.692887013131,783.8828022461147,ðŸ”´ DEPLOY MOBILE VAN
1,Delhi,West Delhi,3279.985208274685,1630.7389979482255,ðŸ”´ DEPLOY MOBILE VAN
1,Andhra Pradesh,Cuddapah,4547.200777060007,2262.6338580107986,ðŸ”´ DEPLOY MOBILE VAN
1,Uttar Pradesh,Lalitpur,2089.982691147324,1040.2123382012867,ðŸ”´ DEPLOY MOBILE VAN
1,Maharashtra,Bhandara,3596.7278119375883,1790.48096642397,ðŸ”´ DEPLOY MOBILE VAN
1,West Bengal,Cooch Behar,690.4027154944745,343.7192616798634,ðŸ”´ DEPLOY MOBILE VAN
1,Uttar Pradesh,Jhansi,3025.39243915558,1507.8570535575795,ðŸ”´ DEPLOY MOBILE VAN
1,Uttar Pradesh,Sonbhadra,2063.785551669592,1028.6851218015463,ðŸ”´ DEPLOY MOBILE VAN
1,Odisha,Kalahandi,1562.9809142152749,779.5145088381125,ðŸ”´ DEPLOY MOBILE VAN
1,Kerala,Kannur,2184.4658733363376,1090.4888809459471,ðŸ”´ DEPLOY MOBILE VAN
1,Punjab,Ludhiana,3703.742199585599,1848.9787044274508,ðŸ”´ DEPLOY MOBILE VAN
1,Gujarat,Arvalli,735.9568982276103,367.4929852436127,ðŸ”´ DEPLOY MOBILE VAN
1,Uttar Pradesh,Banda,2421.1120952107626,1209.7894453559265,ðŸ”´ DEPLOY MOBILE VAN
2,Telangana,Rajanna Sircilla,199.87395490571416,23.486372182371788,ðŸ”´ DEPLOY MOBILE VAN
2,Madhya Pradesh,Narsimhapur,181.9721181768454,22.473453492873638,ðŸ”´ DEPLOY MOBILE VAN
2,West Bengal,North Twenty Four Parganas,180.0162524837436,22.341812230080965,ðŸ”´ DEPLOY MOBILE VAN
2,West Bengal,Bardhaman,261.2885266755253,33.8484861976513,ðŸ”´ DEPLOY MOBILE VAN
2,Telangana,Yadadri.,198.86608251805976,27.502662142586814,ðŸ”´ DEPLOY MOBILE VAN
2,Andhra Pradesh,Dr. B. R. Ambedkar Konaseema,197.81506860246972,28.271200736860308,ðŸ”´ DEPLOY MOBILE VAN
2,Odisha,Debagarh,171.123578252573,25.081669255820394,ðŸ”´ DEPLOY MOBILE VAN
2,Assam,Sibsagar,235.51089414084117,34.60426583457714,ðŸ”´ DEPLOY MOBILE VAN
2,Tamil Nadu,Chengalpattu,171.6226253426259,25.67381341912276,ðŸ”´ DEPLOY MOBILE VAN
2,Maharashtra,Mumbai( Sub Urban ),163.85203216334023,25.070075983716684,ðŸ”´ DEPLOY MOBILE VAN
2,Andhra Pradesh,Tirupati,218.99870501541832,34.415984706930395,ðŸ”´ DEPLOY MOBILE VAN
2,Punjab,Malerkotla,153.21088946448705,24.12281706919342,ðŸ”´ DEPLOY MOBILE VAN
2,West Bengal,Maldah,216.38032955423677,34.51083671410055,ðŸ”´ DEPLOY MOBILE VAN
2,Orissa,Khordha,198.33705395308985,32.71926652752414,ðŸ”´ DEPLOY MOBILE VAN
2,Telangana,Nagarkurnool,204.92033300907903,35.09573796544141,ðŸ”´ DEPLOY MOBILE VAN
2,Andhra Pradesh,N. T. R,250.4567272669598,43.28906281538772,ðŸ”´ DEPLOY MOBILE VAN
2,Jharkhand,Pakur,271.73162587930256,47.10473273242408,ðŸ”´ DEPLOY MOBILE VAN
2,Jammu and Kashmir,Badgam,248.0962356425769,43.40139730532336,ðŸ”´ DEPLOY MOBILE VAN
2,Tripura,Unakoti,262.98810281435107,46.12097696406204,ðŸ”´ DEPLOY MOBILE VAN
2,Odisha,Jagatsinghpur,204.35479465049949,35.93955862218505,ðŸ”´ DEPLOY MOBILE VAN
2,Uttar Pradesh,Ayodhya,131.63427609843797,23.188195272788548,ðŸ”´ DEPLOY MOBILE VAN
2,Maharashtra,Bid,224.00305793100392,39.793450255892736,ðŸ”´ DEPLOY MOBILE VAN
2,Telangana,Jogulamba Gadwal,188.97076349040972,34.67464396357771,ðŸ”´ DEPLOY MOBILE VAN
2,Andhra Pradesh,Annamayya,224.6994254859552,41.324680717276564,ðŸ”´ DEPLOY MOBILE VAN
2,Assam,Hailakandi,392.7547601450083,73.0911663003168,ðŸ”´ DEPLOY MOBILE VAN
2,Punjab,Firozpur,176.17025839518217,33.033478191049035,ðŸ”´ DEPLOY MOBILE VAN
2,Jharkhand,Lohardaga,419.5019278054368,78.93419257340241,ðŸ”´ DEPLOY MOBILE VAN
2,Andhra Pradesh,Y. S. R,139.27021483905693,26.38131423326,ðŸ”´ DEPLOY MOBILE VAN
2,Andhra Pradesh,Kakinada,231.82627799919527,44.062317085601435,ðŸ”´ DEPLOY MOBILE VAN
2,Karnataka,Hasan,207.44391080610944,39.74494228263268,ðŸ”´ DEPLOY MOBILE VAN
2,Tripura,Khowai,224.32963089116643,43.087049432326644,ðŸ”´ DEPLOY MOBILE VAN
2,Gujarat,Botad,259.5641200196025,50.791157187619035,ðŸ”´ DEPLOY MOBILE VAN
2,Assam,Baksa,288.5835041825392,56.83168541621225,ðŸ”´ DEPLOY MOBILE VAN
2,Jharkhand,Purbi Singhbhum,86.1663757591638,17.296397577587936,ðŸ”´ DEPLOY MOBILE VAN
2,Andhra Pradesh,Nandyal,211.81067110874335,42.608930203070884,ðŸ”´ DEPLOY MOBILE VAN
2,Pondicherry,Pondicherry,428.94911465032544,89.18614338043997,ðŸ”´ DEPLOY MOBILE VAN
2,Mizoram,Lawngtlai,78.51677114987616,17.005121732597246,ðŸ”´ DEPLOY MOBILE VAN
2,Karnataka,Kodagu,196.36422408394716,42.539990403528556,ðŸ”´ DEPLOY MOBILE VAN
2,Telangana,Vikarabad,210.0682676231133,45.844027239498004,ðŸ”´ DEPLOY MOBILE VAN
2,Assam,Biswanath,98.3626129972458,21.506449219896666,ðŸ”´ DEPLOY MOBILE VAN
2,West Bengal,Purba Bardhaman,98.56098488922063,21.710893404967138,ðŸ”´ DEPLOY MOBILE VAN
2,Manipur,Churachandpur,128.94514938853737,28.56858431388555,ðŸ”´ DEPLOY MOBILE VAN
2,West Bengal,West Midnapore,239.7579380292053,53.356497698238115,ðŸ”´ DEPLOY MOBILE VAN
2,Haryana,Charkhi Dadri,94.945105626999,21.215311664545823,ðŸ”´ DEPLOY MOBILE VAN
2,Jammu and Kashmir,Samba,190.3627658050699,42.697421693721594,ðŸ”´ DEPLOY MOBILE VAN
2,Andhra Pradesh,Nizamabad,213.5373964595449,47.99637788158124,ðŸ”´ DEPLOY MOBILE VAN
2,West Bengal,Koch Bihar,100.35353558544972,22.583977923551245,ðŸ”´ DEPLOY MOBILE VAN
2,Jammu and Kashmir,Ganderbal,376.15139718768177,86.15800708174017,ðŸ”´ DEPLOY MOBILE VAN
2,Puducherry,Karaikal,108.0971444747734,25.000313041207917,ðŸ”´ DEPLOY MOBILE VAN
2,Tripura,Gomati,217.8769372797267,50.69657379730908,ðŸ”´ DEPLOY MOBILE VAN
2,West Bengal,Haora,348.2288879616286,81.91176443184483,ðŸ”´ DEPLOY MOBILE VAN
2,Jharkhand,Jamtara,398.5278823026723,94.36723363222998,ðŸ”´ DEPLOY MOBILE VAN
2,Madhya Pradesh,Agar Malwa,255.86626857770975,61.76841929087386,ðŸ”´ DEPLOY MOBILE VAN
2,Jharkhand,Pashchimi Singhbhum,70.9976073552722,17.87338637720333,ðŸ”´ DEPLOY MOBILE VAN
2,Jharkhand,Seraikela-kharsawan,69.9679137269177,17.821966672014998,ðŸ”´ DEPLOY MOBILE VAN
2,Andhra Pradesh,Sri Sathya Sai,130.93741681034038,33.671549918016105,ðŸ”´ DEPLOY MOBILE VAN
2,Assam,Dibrugarh,247.10454620386355,64.70140565525745,ðŸ”´ DEPLOY MOBILE VAN
2,Meghalaya,West Garo Hills,205.29148307549545,54.386347560290304,ðŸ”´ DEPLOY MOBILE VAN
2,Jharkhand,Ramgarh,494.76267459723226,132.20032004106014,ðŸ”´ DEPLOY MOBILE VAN
2,Tamil Nadu,Tirupattur,308.0673471184166,82.96641015271805,ðŸ”´ DEPLOY MOBILE VAN
2,Tripura,Sepahijala,307.5938706431219,84.15014148407067,ðŸ”´ DEPLOY MOBILE VAN
2,Meghalaya,Ri Bhoi,49.40123105034018,13.766014536739736,ðŸ”´ DEPLOY MOBILE VAN
2,Andhra Pradesh,Sri Potti Sriramulu Nellore,249.6362965598424,70.00802045175705,ðŸ”´ DEPLOY MOBILE VAN
2,Meghalaya,East Khasi Hills,290.45136206633174,82.05894645532996,ðŸ”´ DEPLOY MOBILE VAN
2,Telangana,Jagitial,282.6025519548205,81.0643863491689,ðŸ”´ DEPLOY MOBILE VAN
2,West Bengal,Alipurduar,57.422625093703424,16.664523392753743,ðŸ”´ DEPLOY MOBILE VAN
2,Jharkhand,Koderma,459.72398258566335,134.4812064432358,ðŸ”´ DEPLOY MOBILE VAN
2,Mizoram,Aizawl,372.6431850131098,111.37391785060103,ðŸ”´ DEPLOY MOBILE VAN
2,West Bengal,Paschim Bardhaman,52.2105057120051,15.626348275200591,ðŸ”´ DEPLOY MOBILE VAN
2,Assam,Jorhat,265.9566884741042,79.69144967964093,ðŸ”´ DEPLOY MOBILE VAN
2,Jharkhand,Khunti,460.2403935400061,139.2182419015096,ðŸ”´ DEPLOY MOBILE VAN
2,Odisha,Sundargarh,290.79167353335487,90.42859425098408,ðŸ”´ DEPLOY MOBILE VAN
2,Telangana,Komaram Bheem,73.80169225328679,23.821656583043627,ðŸ”´ DEPLOY MOBILE VAN
2,Madhya Pradesh,Harda *,62.31850692521704,20.437332289501487,ðŸ”´ DEPLOY MOBILE VAN
2,Telangana,Mahabubabad,79.19240184142242,26.12696803914499,ðŸ”´ DEPLOY MOBILE VAN
2,Karnataka,Chikkamagaluru,333.4047529031316,110.09793631395274,ðŸ”´ DEPLOY MOBILE VAN
2,Telangana,Nirmal,342.531202700915,113.31975513103731,ðŸ”´ DEPLOY MOBILE VAN
2,Telangana,Warangal Urban,67.46677236721256,22.485373624710093,ðŸ”´ DEPLOY MOBILE VAN
2,Meghalaya,South West Garo Hills,32.414591180429184,11.038501934217912,ðŸ”´ DEPLOY MOBILE VAN
2,Telangana,Jayashankar Bhupalpally,32.03266638099006,10.979806026027472,ðŸ”´ DEPLOY MOBILE VAN
2,Jharkhand,Latehar,573.5253037793254,198.02773211180505,ðŸ”´ DEPLOY MOBILE VAN
2,Telangana,Jangoan,76.49325383472086,26.49959689848269,ðŸ”´ DEPLOY MOBILE VAN
2,Assam,Tinsukia,402.0597117660624,141.39033115367448,ðŸ”´ DEPLOY MOBILE VAN
2,West Bengal,Purulia,29.397700210890736,10.378858425639951,ðŸ”´ DEPLOY MOBILE VAN
2,Nagaland,Mon,48.11145318950509,17.33674925116263,ðŸ”´ DEPLOY MOBILE VAN
2,Madhya Pradesh,West Nimar,65.98619110892056,23.941125973061588,ðŸ”´ DEPLOY MOBILE VAN
2,Assam,Nalbari,327.6619441752041,120.18650825572159,ðŸ”´ DEPLOY MOBILE VAN
2,Karnataka,Vijayanagara,67.45262814428364,24.809718094376265,ðŸ”´ DEPLOY MOBILE VAN
2,Punjab,Muktsar,72.76969094555932,26.905329982699904,ðŸ”´ DEPLOY MOBILE VAN
2,Nagaland,Dimapur,694.4751201605692,258.19020642165185,ðŸ”´ DEPLOY MOBILE VAN
2,Manipur,Ukhrul,63.80729317740983,23.749438005636655,ðŸ”´ DEPLOY MOBILE VAN
2,Jammu and Kashmir,Bandipore,421.5382082916757,157.25333686561868,ðŸ”´ DEPLOY MOBILE VAN
2,Jammu and Kashmir,Shupiyan,241.5968732390043,90.48888096048123,ðŸ”´ DEPLOY MOBILE VAN
2,Telangana,Wanaparthy,76.19912405324116,28.722906619243638,ðŸ”´ DEPLOY MOBILE VAN
2,Madhya Pradesh,Narmadapuram,34.524911819257014,13.133501345748222,ðŸ”´ DEPLOY MOBILE VAN
2,Maharashtra,Chhatrapati Sambhajinagar,23.273182120335974,8.870548998419974,ðŸ”´ DEPLOY MOBILE VAN
2,Gujarat,The Dangs,385.7988002012045,147.74614831690025,ðŸ”´ DEPLOY MOBILE VAN
2,Chhattisgarh,Mahasamund,5398.428138034807,2108.301645360986,ðŸ”´ DEPLOY MOBILE VAN
2,Dadra and Nagar Haveli,Dadra and Nagar Haveli,483.14710326708735,189.29319161319313,ðŸ”´ DEPLOY MOBILE VAN
2,Andhra Pradesh,Eluru,56.64642161410424,22.211207058127535,ðŸ”´ DEPLOY MOBILE VAN
2,Maharashtra,Chandrapur,7012.286263330496,2772.5109507159877,ðŸ”´ DEPLOY MOBILE VAN
2,Telangana,Mancherial,381.9327690647449,152.3065197379334,ðŸ”´ DEPLOY MOBILE VAN
2,Orissa,Baleshwar,31.86596977860339,12.726465683779228,ðŸ”´ DEPLOY MOBILE VAN
2,Assam,Nagaon,3035.1910001616693,1215.799489194072,ðŸ”´ DEPLOY MOBILE VAN
2,Meghalaya,West Jaintia Hills,39.93664946643344,16.010339283177927,ðŸ”´ DEPLOY MOBILE VAN
2,Tamil Nadu,Mayiladuthurai,50.5467636191738,20.277623422749294,ðŸ”´ DEPLOY MOBILE VAN
2,Jharkhand,Palamu,1179.5860848075745,476.56943534379656,ðŸ”´ DEPLOY MOBILE VAN
2,Telangana,Hanumakonda,36.43090879229692,14.751496126825764,ðŸ”´ DEPLOY MOBILE VAN
2,Uttar Pradesh,Barabanki,45.25156841847468,18.356918546808775,ðŸ”´ DEPLOY MOBILE VAN
2,Meghalaya,West Khasi Hills,44.8279461016828,18.20436250810848,ðŸ”´ DEPLOY MOBILE VAN
2,Madhya Pradesh,Balaghat,3535.037566962934,1438.0331970976697,ðŸ”´ DEPLOY MOBILE VAN
2,Jammu and Kashmir,Reasi,379.6782344004902,154.90833998030408,ðŸ”´ DEPLOY MOBILE VAN
2,Assam,Hojai,602.9670332119737,247.17599169879466,ðŸ”´ DEPLOY MOBILE VAN
2,Andhra Pradesh,Bapatla,57.3734613420979,23.72539936938446,ðŸ”´ DEPLOY MOBILE VAN
2,Nagaland,Phek,28.300911987875217,11.741277481282948,ðŸ”´ DEPLOY MOBILE VAN
2,Andhra Pradesh,Srikakulam,5004.248922273531,2085.5487551976303,ðŸ”´ DEPLOY MOBILE VAN
2,Andhra Pradesh,Anakapalli,57.88556829140889,24.14117154058928,ðŸ”´ DEPLOY MOBILE VAN
2,Manipur,Senapati,366.8584852808941,153.26857007610997,ðŸ”´ DEPLOY MOBILE VAN
2,Delhi,Shahdara,29.283963523326577,12.250364640603795,ðŸ”´ DEPLOY MOBILE VAN
2,Odisha,Subarnapur,29.721217164122635,12.481904737728769,ðŸ”´ DEPLOY MOBILE VAN
2,Maharashtra,Ahmed Nagar,80.43879346281777,33.92516143014719,ðŸ”´ DEPLOY MOBILE VAN
2,Chhattisgarh,Mungeli,4906.392393841223,2093.4970703047193,ðŸ”´ DEPLOY MOBILE VAN
2,Telangana,Narayanpet,42.84624484999924,18.31988495164486,ðŸ”´ DEPLOY MOBILE VAN
2,Bihar,Kishanganj,2876.7228179981885,1231.525101951334,ðŸ”´ DEPLOY MOBILE VAN
2,Arunachal Pradesh,West Kameng,47.642662361427085,20.496136097889742,ðŸ”´ DEPLOY MOBILE VAN
2,Telangana,Peddapalli,38.5070508042486,16.59232828020339,ðŸ”´ DEPLOY MOBILE VAN
2,Punjab,Jalandhar,3023.747824307664,1307.9061733953524,ðŸ”´ DEPLOY MOBILE VAN
2,Telangana,Warangal Rural,43.81110474960538,18.96653416669035,ðŸ”´ DEPLOY MOBILE VAN
2,Puducherry,Puducherry,547.456997194127,237.4430314397468,ðŸ”´ DEPLOY MOBILE VAN
2,Jharkhand,Hazaribag,24.58282322932718,10.677071822859679,ðŸ”´ DEPLOY MOBILE VAN
2,Assam,South Salmara Mankachar,26.384357119621782,11.518119182281616,ðŸ”´ DEPLOY MOBILE VAN
2,West Bengal,South Twenty Four Parganas,482.6586560603451,210.7787513040413,ðŸ”´ DEPLOY MOBILE VAN
2,Uttarakhand,Nainital,2897.702787923515,1269.7478165613215,ðŸ”´ DEPLOY MOBILE VAN
2,Madhya Pradesh,Chhindwara,3488.417191766456,1528.7498993661793,ðŸ”´ DEPLOY MOBILE VAN
2,Kerala,Kasargod,22.18052183142092,9.778373215259283,ðŸ”´ DEPLOY MOBILE VAN
2,Assam,West Karbi Anglong,26.75938794802547,11.824176225436826,ðŸ”´ DEPLOY MOBILE VAN
2,Arunachal Pradesh,Papum Pare,29.527678350484276,13.056807868983853,ðŸ”´ DEPLOY MOBILE VAN
2,Andhra Pradesh,Vizianagaram,5507.8152897500095,2438.049807509219,ðŸ”´ DEPLOY MOBILE VAN
2,Uttar Pradesh,Prayagraj,301.4381030000188,133.9201736758301,ðŸ”´ DEPLOY MOBILE VAN
2,Rajasthan,Jhunjhunu,29.478969935319355,13.144926301346704,ðŸ”´ DEPLOY MOBILE VAN
2,West Bengal,Jhargram,21.88174515963473,9.781264679009908,ðŸ”´ DEPLOY MOBILE VAN
2,Jharkhand,Gumla,1159.3815311733151,518.2591029547059,ðŸ”´ DEPLOY MOBILE VAN
2,West Bengal,Darjiling,15.46173469197591,6.9141620770149155,ðŸ”´ DEPLOY MOBILE VAN
2,Mizoram,Lunglei,24.03639208909902,10.779466719690454,ðŸ”´ DEPLOY MOBILE VAN
2,Jharkhand,Dhanbad,1348.5097636287408,605.6211226856765,ðŸ”´ DEPLOY MOBILE VAN
2,Mizoram,Champhai,23.17533521089883,10.4441036119984,ðŸ”´ DEPLOY MOBILE VAN
2,Assam,Udalguri,502.6759406406588,226.88576655155813,ðŸ”´ DEPLOY MOBILE VAN
2,Gujarat,Dohad,295.4456819472757,133.36098144709027,ðŸ”´ DEPLOY MOBILE VAN
2,Assam,Marigaon,527.0273236662997,238.2490455445037,ðŸ”´ DEPLOY MOBILE VAN
2,Bihar,Sitamarhi,3073.667421608536,1392.5814702784432,ðŸ”´ DEPLOY MOBILE VAN
2,Tamil Nadu,Thoothukkudi,5127.25857300035,2324.8033134030566,ðŸ”´ DEPLOY MOBILE VAN
2,Chhattisgarh,Bemetara,4412.202835303773,2003.7960821105182,ðŸ”´ DEPLOY MOBILE VAN
2,Arunachal Pradesh,Changlang,33.29357710604887,15.149674959437395,ðŸ”´ DEPLOY MOBILE VAN
2,Jammu and Kashmir,Kishtwar,500.7468740133047,227.8827996053771,ðŸ”´ DEPLOY MOBILE VAN
2,Assam,Kamrup Metro,351.455432110887,160.10106780522523,ðŸ”´ DEPLOY MOBILE VAN
2,Jharkhand,Simdega,671.5265055410616,306.07114497563373,ðŸ”´ DEPLOY MOBILE VAN
2,Uttarakhand,Tehri Garhwal,2026.9561137185776,924.8327868909325,ðŸ”´ DEPLOY MOBILE VAN
2,Arunachal Pradesh,West Siang,28.56399669722683,13.036164885984117,ðŸ”´ DEPLOY MOBILE VAN
2,Haryana,Yamuna Nagar,1921.6078786998323,878.4205108213414,ðŸ”´ DEPLOY MOBILE VAN
2,Nagaland,Kohima,50.22038241886969,22.96777192968768,ðŸ”´ DEPLOY MOBILE VAN
2,Jharkhand,Dumka,645.0538900933061,295.11852154744633,ðŸ”´ DEPLOY MOBILE VAN
2,Assam,Goalpara,645.6388176626183,295.891769909443,ðŸ”´ DEPLOY MOBILE VAN
2,Odisha,Baudh,24.009149397345308,11.104130954192104,ðŸ”´ DEPLOY MOBILE VAN
2,Chhattisgarh,Rajnandgaon,6239.17687883622,2891.625123498892,ðŸ”´ DEPLOY MOBILE VAN
2,Manipur,Bishnupur,104.09371987384796,48.25148538771354,ðŸ”´ DEPLOY MOBILE VAN
2,Telangana,Suryapet,362.4756198521424,168.5056474461748,ðŸ”´ DEPLOY MOBILE VAN
2,Tamil Nadu,Thiruvallur,23.56248652038185,10.972255457964947,ðŸ”´ DEPLOY MOBILE VAN
2,Karnataka,Chamrajnagar,23.191575852946897,10.894787842391462,ðŸ”´ DEPLOY MOBILE VAN
2,Jammu and Kashmir,Kargil,16.305289325211312,7.663156525997183,ðŸ”´ DEPLOY MOBILE VAN
2,Tamil Nadu,Namakkal,3093.629340926072,1457.6503181945104,ðŸ”´ DEPLOY MOBILE VAN
2,Maharashtra,Satara,6550.729766701775,3088.706021868762,ðŸ”´ DEPLOY MOBILE VAN
2,Maharashtra,Gondia,36.78649319039612,17.397530485549638,ðŸ”´ DEPLOY MOBILE VAN
2,Andhra Pradesh,Palnadu,63.5987966818609,30.089922752005776,ðŸ”´ DEPLOY MOBILE VAN
2,Haryana,Jind,1844.0840275168243,874.7500472280767,ðŸ”´ DEPLOY MOBILE VAN
2,Bihar,Purnea,32.39122483868497,15.485068861314701,ðŸ”´ DEPLOY MOBILE VAN
2,Haryana,Sirsa,1974.8382624467208,948.1022635256512,ðŸ”´ DEPLOY MOBILE VAN
2,Uttarakhand,Haridwar,5009.363878109263,2409.345679896311,ðŸ”´ DEPLOY MOBILE VAN
2,Andhra Pradesh,Cuddapah,4700.54226433326,2262.6338580107986,ðŸ”´ DEPLOY MOBILE VAN
2,Punjab,S.A.S Nagar(Mohali),23.719845671751003,11.42161971749286,ðŸ”´ DEPLOY MOBILE VAN
2,Maharashtra,Washim,3013.093919813712,1451.634088368134,ðŸ”´ DEPLOY MOBILE VAN
2,Jharkhand,Chatra,682.6335520500195,329.28944953569027,ðŸ”´ DEPLOY MOBILE VAN
2,Nagaland,Wokha,24.482509608474054,11.83747326042505,ðŸ”´ DEPLOY MOBILE VAN
2,Meghalaya,South West Khasi Hills,26.75960973223343,12.949074846952344,ðŸ”´ DEPLOY MOBILE VAN
2,Jharkhand,Seraikela-Kharsawan,716.1144466433711,346.76885903902496,ðŸ”´ DEPLOY MOBILE VAN
2,West Bengal,Hooghly,1911.7129292283728,928.0290092423143,ðŸ”´ DEPLOY MOBILE VAN
2,Andhra Pradesh,Parvathipuram Manyam,62.7660343215059,30.51490327594137,ðŸ”´ DEPLOY MOBILE VAN
2,Bihar,West Champaran,3164.656662805705,1544.9956916996434,ðŸ”´ DEPLOY MOBILE VAN
2,Telangana,Mulugu,30.00275122683369,14.676004794816638,ðŸ”´ DEPLOY MOBILE VAN
2,Assam,Dhemaji,454.2352103228248,222.5196915665321,ðŸ”´ DEPLOY MOBILE VAN
2,Gujarat,Arvalli,749.9181966976821,367.4929852436127,ðŸ”´ DEPLOY MOBILE VAN
2,Chhattisgarh,Surguja,6394.727630313564,3135.9449123188438,ðŸ”´ DEPLOY MOBILE VAN
2,Jharkhand,Ranchi,1396.9039006473768,685.106062671561,ðŸ”´ DEPLOY MOBILE VAN
2,Jharkhand,Deoghar,710.4817738686219,348.8738683149144,ðŸ”´ DEPLOY MOBILE VAN
2,Rajasthan,Baran,2302.0845666214814,1132.4707103964356,ðŸ”´ DEPLOY MOBILE VAN
2,Himachal Pradesh,Lahul and Spiti,44.1115708035059,21.731405228875133,ðŸ”´ DEPLOY MOBILE VAN
2,Mizoram,Kolasib,27.674742055644284,13.665055327606005,ðŸ”´ DEPLOY MOBILE VAN
2,Haryana,Mewat,1472.3307680730009,727.7988472310931,ðŸ”´ DEPLOY MOBILE VAN
2,Chhattisgarh,Durg,6599.5466911993535,3268.1273033508623,ðŸ”´ DEPLOY MOBILE VAN
2,Odisha,Ganjam,4282.695347968687,2124.9916135958074,ðŸ”´ DEPLOY MOBILE VAN
3,West Bengal,Bardhaman,188.2463622212208,33.8484861976513,ðŸ”´ DEPLOY MOBILE VAN
3,Andhra Pradesh,Tirupati,184.69554294160756,34.415984706930395,ðŸ”´ DEPLOY MOBILE VAN
3,West Bengal,Maldah,181.69198001629988,34.51083671410055,ðŸ”´ DEPLOY MOBILE VAN
3,Telangana,Yadadri.,141.70155411228427,27.502662142586814,ðŸ”´ DEPLOY MOBILE VAN
3,Karnataka,Hasan,192.32940235516384,39.74494228263268,ðŸ”´ DEPLOY MOBILE VAN
3,Assam,Hailakandi,346.6714203704365,73.0911663003168,ðŸ”´ DEPLOY MOBILE VAN
3,Andhra Pradesh,Nandyal,197.61622726490208,42.608930203070884,ðŸ”´ DEPLOY MOBILE VAN
3,West Bengal,North Twenty Four Parganas,103.35085975670088,22.341812230080965,ðŸ”´ DEPLOY MOBILE VAN
3,Andhra Pradesh,Annamayya,189.5073820970266,41.324680717276564,ðŸ”´ DEPLOY MOBILE VAN
3,Andhra Pradesh,Kakinada,200.82660693763748,44.062317085601435,ðŸ”´ DEPLOY MOBILE VAN
3,Tripura,Unakoti,206.25552524424967,46.12097696406204,ðŸ”´ DEPLOY MOBILE VAN
3,Assam,Sibsagar,154.3987420398371,34.60426583457714,ðŸ”´ DEPLOY MOBILE VAN
3,Andhra Pradesh,N. T. R,192.9259713760483,43.28906281538772,ðŸ”´ DEPLOY MOBILE VAN
3,Tamil Nadu,Chengalpattu,113.0673910653972,25.67381341912276,ðŸ”´ DEPLOY MOBILE VAN
3,Maharashtra,Bid,174.1781179432627,39.793450255892736,ðŸ”´ DEPLOY MOBILE VAN
3,Jammu and Kashmir,Badgam,187.08998741957944,43.40139730532336,ðŸ”´ DEPLOY MOBILE VAN
3,Andhra Pradesh,Nizamabad,203.73431616913007,47.99637788158124,ðŸ”´ DEPLOY MOBILE VAN
3,Telangana,Nagarkurnool,146.60564711730984,35.09573796544141,ðŸ”´ DEPLOY MOBILE VAN
3,Assam,Baksa,234.4128110195304,56.83168541621225,ðŸ”´ DEPLOY MOBILE VAN
3,Jharkhand,Lohardaga,325.5079924167402,78.93419257340241,ðŸ”´ DEPLOY MOBILE VAN
3,Odisha,Debagarh,102.95974472508276,25.081669255820394,ðŸ”´ DEPLOY MOBILE VAN
3,Tripura,Khowai,176.0708653317428,43.087049432326644,ðŸ”´ DEPLOY MOBILE VAN
3,Gujarat,Botad,203.28090151017489,50.791157187619035,ðŸ”´ DEPLOY MOBILE VAN
3,Madhya Pradesh,Agar Malwa,244.83895352958436,61.76841929087386,ðŸ”´ DEPLOY MOBILE VAN
3,Tripura,Gomati,197.1661989903852,50.69657379730908,ðŸ”´ DEPLOY MOBILE VAN
3,Pondicherry,Pondicherry,345.1269048578945,89.18614338043997,ðŸ”´ DEPLOY MOBILE VAN
3,West Bengal,West Midnapore,204.80824731318333,53.356497698238115,ðŸ”´ DEPLOY MOBILE VAN
3,Maharashtra,Mumbai( Sub Urban ),95.89467501625208,25.070075983716684,ðŸ”´ DEPLOY MOBILE VAN
3,Telangana,Vikarabad,174.10047478195085,45.844027239498004,ðŸ”´ DEPLOY MOBILE VAN
3,Manipur,Churachandpur,106.72119504180606,28.56858431388555,ðŸ”´ DEPLOY MOBILE VAN
3,Orissa,Khordha,121.3458293661008,32.71926652752414,ðŸ”´ DEPLOY MOBILE VAN
3,Jharkhand,Pakur,166.08310480651377,47.10473273242408,ðŸ”´ DEPLOY MOBILE VAN
3,Telangana,Jogulamba Gadwal,121.48001833516066,34.67464396357771,ðŸ”´ DEPLOY MOBILE VAN
3,Jharkhand,Purbi Singhbhum,60.38558287088256,17.296397577587936,ðŸ”´ DEPLOY MOBILE VAN
3,Andhra Pradesh,Sri Potti Sriramulu Nellore,241.0683605640004,70.00802045175705,ðŸ”´ DEPLOY MOBILE VAN
3,Assam,Dibrugarh,222.7527017743288,64.70140565525745,ðŸ”´ DEPLOY MOBILE VAN
3,Odisha,Jagatsinghpur,123.00380920221464,35.93955862218505,ðŸ”´ DEPLOY MOBILE VAN
3,Punjab,Firozpur,111.67363597038748,33.033478191049035,ðŸ”´ DEPLOY MOBILE VAN
3,Jharkhand,Jamtara,310.9594017604387,94.36723363222998,ðŸ”´ DEPLOY MOBILE VAN
3,Jharkhand,Ramgarh,422.9276363854669,132.20032004106014,ðŸ”´ DEPLOY MOBILE VAN
3,Telangana,Jagitial,258.45824927125034,81.0643863491689,ðŸ”´ DEPLOY MOBILE VAN
3,Assam,Jorhat,253.88899041693773,79.69144967964093,ðŸ”´ DEPLOY MOBILE VAN
3,Assam,Nalbari,379.7617765902134,120.18650825572159,ðŸ”´ DEPLOY MOBILE VAN
3,Andhra Pradesh,Dr. B. R. Ambedkar Konaseema,88.49364445224599,28.271200736860308,ðŸ”´ DEPLOY MOBILE VAN
3,Tripura,Sepahijala,260.58482868935545,84.15014148407067,ðŸ”´ DEPLOY MOBILE VAN
3,Andhra Pradesh,Y. S. R,81.36866383645668,26.38131423326,ðŸ”´ DEPLOY MOBILE VAN
3,Telangana,Rajanna Sircilla,71.97991615759837,23.486372182371788,ðŸ”´ DEPLOY MOBILE VAN
3,Telangana,Nirmal,346.5136057472361,113.31975513103731,ðŸ”´ DEPLOY MOBILE VAN
3,Meghalaya,East Khasi Hills,248.7915943167702,82.05894645532996,ðŸ”´ DEPLOY MOBILE VAN
3,Jharkhand,Khunti,421.8824071503293,139.2182419015096,ðŸ”´ DEPLOY MOBILE VAN
3,West Bengal,Haora,247.15682713895288,81.91176443184483,ðŸ”´ DEPLOY MOBILE VAN
3,Madhya Pradesh,Narsimhapur,67.02161008560057,22.473453492873638,ðŸ”´ DEPLOY MOBILE VAN
3,Jharkhand,Koderma,389.67469574764897,134.4812064432358,ðŸ”´ DEPLOY MOBILE VAN
3,Karnataka,Kodagu,122.57462451340328,42.539990403528556,ðŸ”´ DEPLOY MOBILE VAN
3,Uttar Pradesh,Ayodhya,66.72455417362936,23.188195272788548,ðŸ”´ DEPLOY MOBILE VAN
3,Jammu and Kashmir,Ganderbal,247.51945683600445,86.15800708174017,ðŸ”´ DEPLOY MOBILE VAN
3,Jammu and Kashmir,Samba,118.25508548076748,42.697421693721594,ðŸ”´ DEPLOY MOBILE VAN
3,Tamil Nadu,Tirupattur,227.41094043705868,82.96641015271805,ðŸ”´ DEPLOY MOBILE VAN
3,Punjab,Malerkotla,65.45601731952222,24.12281706919342,ðŸ”´ DEPLOY MOBILE VAN
3,Puducherry,Karaikal,66.31987437528011,25.000313041207917,ðŸ”´ DEPLOY MOBILE VAN
3,Odisha,Sundargarh,237.10384938067955,90.42859425098408,ðŸ”´ DEPLOY MOBILE VAN
3,Karnataka,Chikkamagaluru,288.6350583141309,110.09793631395274,ðŸ”´ DEPLOY MOBILE VAN
3,Assam,Biswanath,56.199935953999486,21.506449219896666,ðŸ”´ DEPLOY MOBILE VAN
3,Assam,Tinsukia,369.2956190883406,141.39033115367448,ðŸ”´ DEPLOY MOBILE VAN
3,Manipur,Senapati,397.2175358156565,153.26857007610997,ðŸ”´ DEPLOY MOBILE VAN
3,Meghalaya,West Garo Hills,140.39597976491604,54.386347560290304,ðŸ”´ DEPLOY MOBILE VAN
3,Uttar Pradesh,Prayagraj,343.4169585943255,133.9201736758301,ðŸ”´ DEPLOY MOBILE VAN
3,Telangana,Komaram Bheem,60.83931027646505,23.821656583043627,ðŸ”´ DEPLOY MOBILE VAN
3,Madhya Pradesh,Narmadapuram,33.46971642694712,13.133501345748222,ðŸ”´ DEPLOY MOBILE VAN
3,Assam,Kamrup Metro,407.5326303893767,160.10106780522523,ðŸ”´ DEPLOY MOBILE VAN
3,Telangana,Jayashankar Bhupalpally,27.85093877860013,10.979806026027472,ðŸ”´ DEPLOY MOBILE VAN
3,West Bengal,Purba Bardhaman,54.83122125412899,21.710893404967138,ðŸ”´ DEPLOY MOBILE VAN
3,Manipur,Tamenglong,44.39616081323069,17.729133085193755,ðŸ”´ DEPLOY MOBILE VAN
3,Assam,South Salmara Mankachar,28.79870178053382,11.518119182281616,ðŸ”´ DEPLOY MOBILE VAN
3,Andhra Pradesh,Sri Sathya Sai,83.9120432720493,33.671549918016105,ðŸ”´ DEPLOY MOBILE VAN
3,Kerala,Kasargod,23.556917116781523,9.778373215259283,ðŸ”´ DEPLOY MOBILE VAN
3,Haryana,Charkhi Dadri,50.62970746653356,21.215311664545823,ðŸ”´ DEPLOY MOBILE VAN
3,Telangana,Mahabubabad,62.20777347408515,26.12696803914499,ðŸ”´ DEPLOY MOBILE VAN
3,Jammu and Kashmir,Shupiyan,213.4927073396656,90.48888096048123,ðŸ”´ DEPLOY MOBILE VAN
3,Mizoram,Aizawl,262.2584335386812,111.37391785060103,ðŸ”´ DEPLOY MOBILE VAN
3,Maharashtra,Chhatrapati Sambhajinagar,20.78970129758503,8.870548998419974,ðŸ”´ DEPLOY MOBILE VAN
3,Telangana,Mulugu,34.32260311471551,14.676004794816638,ðŸ”´ DEPLOY MOBILE VAN
3,Puducherry,Puducherry,553.9489925886373,237.4430314397468,ðŸ”´ DEPLOY MOBILE VAN
3,Delhi,Shahdara,28.537396993511173,12.250364640603795,ðŸ”´ DEPLOY MOBILE VAN
3,West Bengal,Koch Bihar,52.30281694875417,22.583977923551245,ðŸ”´ DEPLOY MOBILE VAN
3,Jammu and Kashmir,Bandipore,361.871931591305,157.25333686561868,ðŸ”´ DEPLOY MOBILE VAN
3,Meghalaya,West Khasi Hills,41.7224608280289,18.20436250810848,ðŸ”´ DEPLOY MOBILE VAN
3,Assam,West Karbi Anglong,27.059265566686587,11.824176225436826,ðŸ”´ DEPLOY MOBILE VAN
3,West Bengal,Purulia,23.44840197184893,10.378858425639951,ðŸ”´ DEPLOY MOBILE VAN
3,Telangana,Mancherial,342.4427026762797,152.3065197379334,ðŸ”´ DEPLOY MOBILE VAN
3,Meghalaya,Ri Bhoi,30.884049393712576,13.766014536739736,ðŸ”´ DEPLOY MOBILE VAN
3,Meghalaya,South West Garo Hills,24.505614186153316,11.038501934217912,ðŸ”´ DEPLOY MOBILE VAN
3,Orissa,Baleshwar,28.19946761909555,12.726465683779228,ðŸ”´ DEPLOY MOBILE VAN
3,Andhra Pradesh,Mahbubnagar,366.545740287246,165.46077116774296,ðŸ”´ DEPLOY MOBILE VAN
3,Manipur,Ukhrul,52.18330397810004,23.749438005636655,ðŸ”´ DEPLOY MOBILE VAN
3,Mizoram,Lawngtlai,37.28893934094541,17.005121732597246,ðŸ”´ DEPLOY MOBILE VAN
3,Assam,Goalpara,646.3981549612089,295.891769909443,ðŸ”´ DEPLOY MOBILE VAN
3,Jammu and Kashmir,Reasi,334.9894683530813,154.90833998030408,ðŸ”´ DEPLOY MOBILE VAN
3,Telangana,Suryapet,363.5985677341628,168.5056474461748,ðŸ”´ DEPLOY MOBILE VAN
3,Tamil Nadu,Thiruvallur,23.6566558476035,10.972255457964947,ðŸ”´ DEPLOY MOBILE VAN
3,Assam,Nagaon,2611.694500695294,1215.799489194072,ðŸ”´ DEPLOY MOBILE VAN
3,Jharkhand,Simdega,656.9211156826384,306.07114497563373,ðŸ”´ DEPLOY MOBILE VAN
3,Karnataka,Chamrajnagar,23.318192590715675,10.894787842391462,ðŸ”´ DEPLOY MOBILE VAN
3,Tamil Nadu,Namakkal,3082.8097092471826,1457.6503181945104,ðŸ”´ DEPLOY MOBILE VAN
3,Assam,Udalguri,477.75628670543495,226.88576655155813,ðŸ”´ DEPLOY MOBILE VAN
3,Gujarat,The Dangs,310.96965633909554,147.74614831690025,ðŸ”´ DEPLOY MOBILE VAN
3,Jharkhand,Dumka,618.1942219585671,295.11852154744633,ðŸ”´ DEPLOY MOBILE VAN
3,Madhya Pradesh,West Nimar,49.86790289425557,23.941125973061588,ðŸ”´ DEPLOY MOBILE VAN
3,Assam,Hojai,513.6371619272662,247.17599169879466,ðŸ”´ DEPLOY MOBILE VAN
3,Assam,Marigaon,494.8703476355013,238.2490455445037,ðŸ”´ DEPLOY MOBILE VAN
3,Tamil Nadu,Kallakurichi,24.079665616845084,11.628409259583469,ðŸ”´ DEPLOY MOBILE VAN
3,Andhra Pradesh,Cuddapah,4652.249315437743,2262.6338580107986,ðŸ”´ DEPLOY MOBILE VAN
3,Tamil Nadu,Thoothukkudi,4774.54222446046,2324.8033134030566,ðŸ”´ DEPLOY MOBILE VAN
3,Nagaland,Phek,24.082540795390077,11.741277481282948,ðŸ”´ DEPLOY MOBILE VAN
3,Jharkhand,Pashchimi Singhbhum,36.62503476283912,17.87338637720333,ðŸ”´ DEPLOY MOBILE VAN
3,Madhya Pradesh,Balaghat,2938.069234022052,1438.0331970976697,ðŸ”´ DEPLOY MOBILE VAN
3,Arunachal Pradesh,Papum Pare,26.63945993023204,13.056807868983853,ðŸ”´ DEPLOY MOBILE VAN
3,Jharkhand,Latehar,403.2544992015119,198.02773211180505,ðŸ”´ DEPLOY MOBILE VAN
3,Chhattisgarh,Surajpur,4392.839315481032,2159.3295369901525,ðŸ”´ DEPLOY MOBILE VAN
3,Jharkhand,Seraikela-kharsawan,36.02069383235514,17.821966672014998,ðŸ”´ DEPLOY MOBILE VAN
3,Telangana,Jangoan,53.44490811001202,26.49959689848269,ðŸ”´ DEPLOY MOBILE VAN
3,West Bengal,East Midnapore,470.93721009862367,233.52565755382628,ðŸ”´ DEPLOY MOBILE VAN
3,Himachal Pradesh,Kinnaur,29.49769822657136,14.632297037111394,ðŸ”´ DEPLOY MOBILE VAN
3,Nagaland,Dimapur,520.1455015270583,258.19020642165185,ðŸ”´ DEPLOY MOBILE VAN
3,Bihar,Purnea,31.080511470666035,15.485068861314701,ðŸ”´ DEPLOY MOBILE VAN
4,West Bengal,North Twenty Four Parganas,93.0184272114164,22.341812230080965,ðŸ”´ DEPLOY MOBILE VAN
4,Telangana,Yadadri.,100.64139933933266,27.502662142586814,ðŸ”´ DEPLOY MOBILE VAN
4,Telangana,Nagarkurnool,127.11498429095516,35.09573796544141,ðŸ”´ DEPLOY MOBILE VAN
4,Odisha,Debagarh,90.2199606272342,25.081669255820394,ðŸ”´ DEPLOY MOBILE VAN
4,Andhra Pradesh,Kakinada,155.69119517147735,44.062317085601435,ðŸ”´ DEPLOY MOBILE VAN
4,Assam,Baksa,195.21223357655268,56.83168541621225,ðŸ”´ DEPLOY MOBILE VAN
4,Maharashtra,Mumbai( Sub Urban ),84.55132332351604,25.070075983716684,ðŸ”´ DEPLOY MOBILE VAN
4,Orissa,Khordha,105.07524511633272,32.71926652752414,ðŸ”´ DEPLOY MOBILE VAN
4,West Bengal,Bardhaman,107.31384939581284,33.8484861976513,ðŸ”´ DEPLOY MOBILE VAN
4,Assam,Hailakandi,226.9781889390253,73.0911663003168,ðŸ”´ DEPLOY MOBILE VAN
4,Andhra Pradesh,N. T. R,134.15999235015755,43.28906281538772,ðŸ”´ DEPLOY MOBILE VAN
4,West Bengal,Maldah,104.35189168929789,34.51083671410055,ðŸ”´ DEPLOY MOBILE VAN
4,Jharkhand,Lohardaga,235.9889458479202,78.93419257340241,ðŸ”´ DEPLOY MOBILE VAN
4,Andhra Pradesh,Nandyal,122.8193614002788,42.608930203070884,ðŸ”´ DEPLOY MOBILE VAN
4,Madhya Pradesh,Agar Malwa,177.62102448248828,61.76841929087386,ðŸ”´ DEPLOY MOBILE VAN
4,Andhra Pradesh,Annamayya,118.48724744395076,41.324680717276564,ðŸ”´ DEPLOY MOBILE VAN
4,Pondicherry,Pondicherry,254.2252235344836,89.18614338043997,ðŸ”´ DEPLOY MOBILE VAN
4,Odisha,Jagatsinghpur,102.30443111162292,35.93955862218505,ðŸ”´ DEPLOY MOBILE VAN
4,Andhra Pradesh,Sri Potti Sriramulu Nellore,199.2508655642912,70.00802045175705,ðŸ”´ DEPLOY MOBILE VAN
4,Gujarat,Botad,143.47019845239294,50.791157187619035,ðŸ”´ DEPLOY MOBILE VAN
4,Maharashtra,Bid,110.30511865927753,39.793450255892736,ðŸ”´ DEPLOY MOBILE VAN
4,Tripura,Unakoti,127.38546171682592,46.12097696406204,ðŸ”´ DEPLOY MOBILE VAN
4,Telangana,Jagitial,223.1727938013869,81.0643863491689,ðŸ”´ DEPLOY MOBILE VAN
4,Andhra Pradesh,Nizamabad,131.97419749521606,47.99637788158124,ðŸ”´ DEPLOY MOBILE VAN
4,Jammu and Kashmir,Samba,115.21210195871446,42.697421693721594,ðŸ”´ DEPLOY MOBILE VAN
4,Jharkhand,Jamtara,253.10458952234865,94.36723363222998,ðŸ”´ DEPLOY MOBILE VAN
4,Jharkhand,Ramgarh,352.4894834266146,132.20032004106014,ðŸ”´ DEPLOY MOBILE VAN
4,West Bengal,Haora,217.51499987009475,81.91176443184483,ðŸ”´ DEPLOY MOBILE VAN
4,Tripura,Khowai,112.02807687972953,43.087049432326644,ðŸ”´ DEPLOY MOBILE VAN
4,Tripura,Sepahijala,217.43116271879128,84.15014148407067,ðŸ”´ DEPLOY MOBILE VAN
4,Tripura,Gomati,130.8418096486698,50.69657379730908,ðŸ”´ DEPLOY MOBILE VAN
4,Telangana,Vikarabad,118.23996827580532,45.844027239498004,ðŸ”´ DEPLOY MOBILE VAN
4,Karnataka,Kodagu,108.44245425754497,42.539990403528556,ðŸ”´ DEPLOY MOBILE VAN
4,Jammu and Kashmir,Ganderbal,216.58141116969983,86.15800708174017,ðŸ”´ DEPLOY MOBILE VAN
4,Karnataka,Hasan,99.54656882520794,39.74494228263268,ðŸ”´ DEPLOY MOBILE VAN
4,Jharkhand,Khunti,347.85062724697764,139.2182419015096,ðŸ”´ DEPLOY MOBILE VAN
4,Assam,Dibrugarh,160.925551975453,64.70140565525745,ðŸ”´ DEPLOY MOBILE VAN
4,Tamil Nadu,Chengalpattu,63.22375125131379,25.67381341912276,ðŸ”´ DEPLOY MOBILE VAN
4,West Bengal,West Midnapore,129.8516942084786,53.356497698238115,ðŸ”´ DEPLOY MOBILE VAN
4,Jammu and Kashmir,Badgam,103.08904693573096,43.40139730532336,ðŸ”´ DEPLOY MOBILE VAN
4,Tamil Nadu,Tirupattur,196.89216952615743,82.96641015271805,ðŸ”´ DEPLOY MOBILE VAN
4,Assam,Sibsagar,81.77112283701024,34.60426583457714,ðŸ”´ DEPLOY MOBILE VAN
4,Assam,Jorhat,186.58682140176467,79.69144967964093,ðŸ”´ DEPLOY MOBILE VAN
4,Telangana,Rajanna Sircilla,54.0057597858732,23.486372182371788,ðŸ”´ DEPLOY MOBILE VAN
4,Telangana,Mulugu,33.620792077914984,14.676004794816638,ðŸ”´ DEPLOY MOBILE VAN
4,Telangana,Jogulamba Gadwal,79.19240184142242,34.67464396357771,ðŸ”´ DEPLOY MOBILE VAN
4,Meghalaya,West Garo Hills,124.07506430841764,54.386347560290304,ðŸ”´ DEPLOY MOBILE VAN
4,Andhra Pradesh,Y. S. R,59.97955816424691,26.38131423326,ðŸ”´ DEPLOY MOBILE VAN
4,Odisha,Sundargarh,203.1655665356212,90.42859425098408,ðŸ”´ DEPLOY MOBILE VAN
4,Madhya Pradesh,Narsimhapur,50.24884145470252,22.473453492873638,ðŸ”´ DEPLOY MOBILE VAN
4,Andhra Pradesh,Tirupati,76.39640678735029,34.415984706930395,ðŸ”´ DEPLOY MOBILE VAN
4,Mizoram,Aizawl,246.8897980074688,111.37391785060103,ðŸ”´ DEPLOY MOBILE VAN
4,Telangana,Nirmal,248.17610758938972,113.31975513103731,ðŸ”´ DEPLOY MOBILE VAN
4,Jharkhand,Pakur,100.4490752295616,47.10473273242408,ðŸ”´ DEPLOY MOBILE VAN
4,Jammu and Kashmir,Shupiyan,192.4476478159584,90.48888096048123,ðŸ”´ DEPLOY MOBILE VAN
4,Meghalaya,West Khasi Hills,38.64038105592662,18.20436250810848,ðŸ”´ DEPLOY MOBILE VAN
4,Andhra Pradesh,Dr. B. R. Ambedkar Konaseema,59.8615579788578,28.271200736860308,ðŸ”´ DEPLOY MOBILE VAN
4,Punjab,Malerkotla,50.77432657114518,24.12281706919342,ðŸ”´ DEPLOY MOBILE VAN
4,Punjab,Firozpur,69.15332435853146,33.033478191049035,ðŸ”´ DEPLOY MOBILE VAN
4,Uttar Pradesh,Prayagraj,276.487015303242,133.9201736758301,ðŸ”´ DEPLOY MOBILE VAN
4,Assam,Nalbari,248.0847294406309,120.18650825572159,ðŸ”´ DEPLOY MOBILE VAN
4,Meghalaya,East Khasi Hills,167.85172758902362,82.05894645532996,ðŸ”´ DEPLOY MOBILE VAN
4,Manipur,Churachandpur,58.09315011756428,28.56858431388555,ðŸ”´ DEPLOY MOBILE VAN
4,Jharkhand,Latehar,402.5475905520126,198.02773211180505,ðŸ”´ DEPLOY MOBILE VAN
4,Puducherry,Karaikal,50.468647858558754,25.000313041207917,ðŸ”´ DEPLOY MOBILE VAN
5,Tripura,Khowai,99.49021039947012,43.087049432326644,ðŸ”´ DEPLOY MOBILE VAN
5,West Bengal,Maldah,79.42929070311962,34.51083671410055,ðŸ”´ DEPLOY MOBILE VAN
5,Karnataka,Hasan,88.7059457757117,39.74494228263268,ðŸ”´ DEPLOY MOBILE VAN
5,Tripura,Unakoti,102.07939503413316,46.12097696406204,ðŸ”´ DEPLOY MOBILE VAN
5,West Bengal,Bardhaman,74.17752988829469,33.8484861976513,ðŸ”´ DEPLOY MOBILE VAN
5,Pondicherry,Pondicherry,189.06361771660036,89.18614338043997,ðŸ”´ DEPLOY MOBILE VAN
5,West Bengal,Haora,172.14635597443964,81.91176443184483,ðŸ”´ DEPLOY MOBILE VAN
5,Jammu and Kashmir,Badgam,90.8952555185046,43.40139730532336,ðŸ”´ DEPLOY MOBILE VAN
5,Tripura,Gomati,105.6524308998206,50.69657379730908,ðŸ”´ DEPLOY MOBILE VAN
5,Assam,Hailakandi,151.60641367957112,73.0911663003168,ðŸ”´ DEPLOY MOBILE VAN
5,Andhra Pradesh,Sri Potti Sriramulu Nellore,143.9942014293969,70.00802045175705,ðŸ”´ DEPLOY MOBILE VAN
5,Gujarat,Botad,103.6952734141228,50.791157187619035,ðŸ”´ DEPLOY MOBILE VAN
5,Jharkhand,Lohardaga,160.50683031076073,78.93419257340241,ðŸ”´ DEPLOY MOBILE VAN
8,West Bengal,HOWRAH,2.994910831272604,1.0518197237399458,ðŸ”´ DEPLOY MOBILE VAN
8,Uttar Pradesh,Mahrajganj,4.394048793220867,1.6511816574694373,ðŸ”´ DEPLOY MOBILE VAN
8,andhra pradesh,rangareddi,0.8099779022815179,0.3932481313733407,ðŸ”´ DEPLOY MOBILE VAN
8,Uttar Pradesh,Kushinagar *,7.338339812860983,3.6263392337423617,ðŸ”´ DEPLOY MOBILE VAN
9,Sikkim,Mangan,1.6503129808319696,0.33080313353822843,ðŸ”´ DEPLOY MOBILE VAN
9,West Bengal,Hawrah,3.6613070264912433,0.979674990246018,ðŸ”´ DEPLOY MOBILE VAN
9,Manipur,Pherzawl,2.030273672931229,0.6430403265782019,ðŸ”´ DEPLOY MOBILE VAN
9,West Bengal,HOWRAH,3.051492751114623,1.0518197237399458,ðŸ”´ DEPLOY MOBILE VAN
9,West bengal,hooghly,2.824421466979336,0.977091543292069,ðŸ”´ DEPLOY MOBILE VAN
9,Uttar Pradesh,Mahrajganj,4.633334677853874,1.6511816574694373,ðŸ”´ DEPLOY MOBILE VAN
9,Rajasthan,DeegÂ ,2.896708189317428,1.040594525542467,ðŸ”´ DEPLOY MOBILE VAN
9,Telangana,Warangal (urban),2.0638686376617343,0.8866522425842965,ðŸ”´ DEPLOY MOBILE VAN
9,Arunachal Pradesh,Pakke Kessang,2.9019227373022747,1.287272421711475,ðŸ”´ DEPLOY MOBILE VAN
9,Karnataka,Chamarajanagar *,5.222921062435746,2.363590236577596,ðŸ”´ DEPLOY MOBILE VAN
9,andhra pradesh,rangareddi,0.8150928224296224,0.3932481313733407,ðŸ”´ DEPLOY MOBILE VAN
10,Sikkim,Mangan,1.5369289744713146,0.33080313353822843,ðŸ”´ DEPLOY MOBILE VAN
10,andhra pradesh,chittoor,4.766364680429426,1.089669870936068,ðŸ”´ DEPLOY MOBILE VAN
10,Manipur,Pherzawl,2.2618093474234504,0.6430403265782019,ðŸ”´ DEPLOY MOBILE VAN
10,West Bengal,Hawrah,3.364226757211038,0.979674990246018,ðŸ”´ DEPLOY MOBILE VAN
10,Telangana,Warangal (urban),2.697095316033965,0.8866522425842965,ðŸ”´ DEPLOY MOBILE VAN
10,West bengal,hooghly,2.812239848397359,0.977091543292069,ðŸ”´ DEPLOY MOBILE VAN
10,Uttar Pradesh,Mahrajganj,4.4722254994768775,1.6511816574694373,ðŸ”´ DEPLOY MOBILE VAN
10,Karnataka,Bengaluru Rural,2.0931420915202583,0.7837703141509351,ðŸ”´ DEPLOY MOBILE VAN
10,Bihar,Aurangabad(BH),3.844161618629826,1.4433253849221073,ðŸ”´ DEPLOY MOBILE VAN
10,Rajasthan,DeegÂ ,2.718699123221098,1.040594525542467,ðŸ”´ DEPLOY MOBILE VAN
10,Goa,Bardez,5.009284163719652,2.000794040851402,ðŸ”´ DEPLOY MOBILE VAN
10,Karnataka,Chamarajanagar *,5.689700312792664,2.363590236577596,ðŸ”´ DEPLOY MOBILE VAN
10,West Bengal,HOWRAH,2.334697009526556,1.0518197237399458,ðŸ”´ DEPLOY MOBILE VAN
10,andhra pradesh,rangareddi,0.8620066614883115,0.3932481313733407,ðŸ”´ DEPLOY MOBILE VAN
10,Arunachal Pradesh,Pakke Kessang,2.710824585122572,1.287272421711475,ðŸ”´ DEPLOY MOBILE VAN
11,Sikkim,Mangan,1.575606306640522,0.33080313353822843,ðŸ”´ DEPLOY MOBILE VAN
11,West Bengal,Hawrah,4.2487622336886375,0.979674990246018,ðŸ”´ DEPLOY MOBILE VAN
11,andhra pradesh,chittoor,4.417153424484905,1.089669870936068,ðŸ”´ DEPLOY MOBILE VAN
11,Uttar Pradesh,Mahrajganj,5.195728605032902,1.6511816574694373,ðŸ”´ DEPLOY MOBILE VAN
11,Karnataka,Chamarajanagar *,7.374237601783375,2.363590236577596,ðŸ”´ DEPLOY MOBILE VAN
11,Manipur,Pherzawl,2.0056571289494043,0.6430403265782019,ðŸ”´ DEPLOY MOBILE VAN
11,Bihar,Aurangabad(BH),4.316767805912271,1.4433253849221073,ðŸ”´ DEPLOY MOBILE VAN
11,Telangana,Warangal (urban),2.6103650988462173,0.8866522425842965,ðŸ”´ DEPLOY MOBILE VAN
11,West bengal,hooghly,2.8346739766868936,0.977091543292069,ðŸ”´ DEPLOY MOBILE VAN
11,West Bengal,HOWRAH,3.044235350550732,1.0518197237399458,ðŸ”´ DEPLOY MOBILE VAN
11,Mizoram,Hnahthial,3.5234755298999487,1.2494779487133667,ðŸ”´ DEPLOY MOBILE VAN
11,Karnataka,Bengaluru Rural,2.1750617315381464,0.7837703141509351,ðŸ”´ DEPLOY MOBILE VAN
11,Goa,Bardez,5.2964917637729245,2.000794040851402,ðŸ”´ DEPLOY MOBILE VAN
11,Rajasthan,DeegÂ ,2.7535632086518684,1.040594525542467,ðŸ”´ DEPLOY MOBILE VAN
11,Uttar Pradesh,Raebareli,4.160974043868869,1.5861631230387767,ðŸ”´ DEPLOY MOBILE VAN
11,Rajasthan,Jalore,5.2193541522900535,2.2284585721623182,ðŸ”´ DEPLOY MOBILE VAN
11,andhra pradesh,rangareddi,0.8651438473273636,0.3932481313733407,ðŸ”´ DEPLOY MOBILE VAN
11,Odisha,NAYAGARH,1.8870625219425885,0.9267137032003813,ðŸ”´ DEPLOY MOBILE VAN
12,Sikkim,Mangan,1.6670860493776962,0.33080313353822843,ðŸ”´ DEPLOY MOBILE VAN
12,West Bengal,Hawrah,4.591967123754029,0.979674990246018,ðŸ”´ DEPLOY MOBILE VAN
12,andhra pradesh,chittoor,4.950250324321226,1.089669870936068,ðŸ”´ DEPLOY MOBILE VAN
12,Bihar,Aurangabad(BH),5.420067921952693,1.4433253849221073,ðŸ”´ DEPLOY MOBILE VAN
12,Uttar Pradesh,Mahrajganj,5.92075358350456,1.6511816574694373,ðŸ”´ DEPLOY MOBILE VAN
12,Uttar Pradesh,Raebareli,5.344468441493273,1.5861631230387767,ðŸ”´ DEPLOY MOBILE VAN
12,West Bengal,HOWRAH,3.3488923813709315,1.0518197237399458,ðŸ”´ DEPLOY MOBILE VAN
12,Karnataka,Bengaluru Rural,2.4790865242318283,0.7837703141509351,ðŸ”´ DEPLOY MOBILE VAN
12,Goa,Bardez,6.240588970944319,2.000794040851402,ðŸ”´ DEPLOY MOBILE VAN
12,Mizoram,Hnahthial,3.804466799642471,1.2494779487133667,ðŸ”´ DEPLOY MOBILE VAN
12,Rajasthan,DeegÂ ,3.11976766583365,1.040594525542467,ðŸ”´ DEPLOY MOBILE VAN
12,Rajasthan,Salumbar,4.658427681115885,1.5926714899293386,ðŸ”´ DEPLOY MOBILE VAN
12,West bengal,hooghly,2.7522058946946166,0.977091543292069,ðŸ”´ DEPLOY MOBILE VAN
12,Karnataka,Chamarajanagar *,6.49794669276699,2.363590236577596,ðŸ”´ DEPLOY MOBILE VAN
12,andhra pradesh,rangareddi,1.0679738934629248,0.3932481313733407,ðŸ”´ DEPLOY MOBILE VAN
12,Rajasthan,Jalore,5.543140745752268,2.2284585721623182,ðŸ”´ DEPLOY MOBILE VAN
12,Manipur,Pherzawl,1.5362470384784783,0.6430403265782019,ðŸ”´ DEPLOY MOBILE VAN
12,Arunachal Pradesh,Leparada,4.249038994670327,1.7826242121641798,ðŸ”´ DEPLOY MOBILE VAN
12,Telangana,Warangal (urban),1.9136949870823443,0.8866522425842965,ðŸ”´ DEPLOY MOBILE VAN
12,West Bengal,Bally Jagachha,0.8466561035174105,0.4072664171882533,ðŸ”´ DEPLOY MOBILE VAN
12,Maharashtra,Hingoli *,3.8958691290967584,1.8740539398671212,ðŸ”´ DEPLOY MOBILE VAN
12,Odisha,NAYAGARH,1.908820986155592,0.9267137032003813,ðŸ”´ DEPLOY MOBILE VAN
